Workbook

Sheet 2024分析表
A1: TP出勤-請假 | C1: 總累計 (0.5小時/單位) | D1: 1月累計 (0.5小時/單位) | E1: 2月累計 (0.5小時/單位) | F1: 3月累計 (0.5小時/單位) | G1: 4月累計 (0.5小時/單位) | H1: 5月累計 (0.5小時/單位) | I1: 6月累計 (0.5小時/單位) | J1: 7月累計 (0.5小時/單位) | K1: 8月累計 (0.5小時/單位) | L1: 9月累計 (0.5小時/單位) | M1: 10月累計 (0.5小時/單位) | N1: 11月累計 (0.5小時/單位) | O1: 12月累計 (0.5小時/單位) | P1: 2024月份請假直條圖(1~10月)
A2: NO. | B2: 姓名
A3: 1 | B3: 郭先弘 | C3: =SUM(D3:O3) -> 0 | D3: =TP1月份請假!C3 -> 0 | E3: =TP2月份請假!C3 -> 0 | F3: =TP3月份請假!C3 -> 0 | G3: =TP4月份請假!C3 -> 0 | H3: =TP5月份請假!C3 -> 0 | I3: =TP6月份請假!C3 -> 0 | J3: =TP7月份請假!C3 -> 0 | K3: =TP8月份請假!C3 -> 0 | L3: =TP9月份請假!C3 -> 0 | M3: =TP10月份請假!C3 -> 0
A4: 2 | B4: 陳淑芬 | C4: =SUM(D4:O4) -> 151 | D4: =TP1月份請假!C4 -> 0 | E4: =TP2月份請假!C4 -> 23 | F4: =TP3月份請假!C4 -> 17 | G4: =TP4月份請假!C4 -> 8 | H4: =TP5月份請假!C4 -> 0 | I4: =TP6月份請假!C4 -> 16 | J4: =TP7月份請假!C4 -> 16 | K4: =TP8月份請假!C4 -> 7 | L4: =TP9月份請假!C4 -> 35 | M4: =TP10月份請假!C4 -> 29
A5: 3 | B5: 林世彬 | C5: =SUM(D5:O5) -> 156 | D5: =TP1月份請假!C5 -> 20 | E5: =TP2月份請假!C5 -> 9 | F5: =TP3月份請假!C5 -> 38 | G5: =TP4月份請假!C5 -> 32 | H5: =TP5月份請假!C5 -> 5 | I5: =TP6月份請假!C5 -> 0 | J5: =TP7月份請假!C5 -> 21 | K5: =TP8月份請假!C5 -> 9 | L5: =TP9月份請假!C5 -> 10 | M5: =TP10月份請假!C5 -> 12
A6: 4 | B6: 何彥璋 | C6: =SUM(D6:O6) -> 206 | D6: =TP1月份請假!C6 -> 16 | E6: =TP2月份請假!C6 -> 40 | F6: =TP3月份請假!C6 -> 32 | G6: =TP4月份請假!C6 -> 0 | H6: =TP5月份請假!C6 -> 16 | I6: =TP6月份請假!C6 -> 32 | J6: =TP7月份請假!C6 -> 16 | K6: =TP8月份請假!C6 -> 0 | L6: =TP9月份請假!C6 -> 22 | M6: =TP10月份請假!C6 -> 32
A7: 5 | B7: 吳嘉銘 | C7: =SUM(D7:O7) -> 157 | D7: =TP1月份請假!C7 -> 16 | E7: =TP2月份請假!C7 -> 21 | F7: =TP3月份請假!C7 -> 0 | G7: =TP4月份請假!C7 -> 32 | H7: =TP5月份請假!C7 -> 16 | I7: =TP6月份請假!C7 -> 16 | J7: =TP7月份請假!C7 -> 8 | K7: =TP8月份請假!C7 -> 16 | L7: =TP9月份請假!C7 -> 16 | M7: =TP10月份請假!C7 -> 16
A8: 6 | B8: 林詠書 | C8: =SUM(D8:O8) -> 219 | D8: =TP1月份請假!C8 -> 16 | E8: =TP2月份請假!C8 -> 8 | F8: =TP3月份請假!C8 -> 4 | G8: =TP4月份請假!C8 -> 0 | H8: =TP5月份請假!C8 -> 24 | I8: =TP6月份請假!C8 -> 39 | J8: =TP7月份請假!C8 -> 20 | K8: =TP8月份請假!C8 -> 24 | L8: =TP9月份請假!C8 -> 36 | M8: =TP10月份請假!C8 -> 48
A9: 7 | B9: 謝秉宏 | C9: =SUM(D9:O9) -> 292 | D9: =TP1月份請假!C9 -> 40 | E9: =TP2月份請假!C9 -> 46 | F9: =TP3月份請假!C9 -> 58 | G9: =TP4月份請假!C9 -> 5 | H9: =TP5月份請假!C9 -> 4 | I9: =TP6月份請假!C9 -> 33 | J9: =TP7月份請假!C9 -> 26 | K9: =TP8月份請假!C9 -> 48 | L9: =TP9月份請假!C9 -> 16 | M9: =TP10月份請假!C9 -> 16
A10: 8 | B10: 林建宏 | C10: =SUM(D10:O10) -> 100 | D10: =TP1月份請假!C10 -> 0 | E10: =TP2月份請假!C10 -> 56 | F10: =TP3月份請假!C10 -> 0 | G10: =TP4月份請假!C10 -> 0 | H10: =TP5月份請假!C10 -> 0 | I10: =TP6月份請假!C10 -> 16 | J10: =TP7月份請假!C10 -> 0 | K10: =TP8月份請假!C10 -> 24 | L10: =TP9月份請假!C10 -> 4 | M10: =TP10月份請假!C10 -> 0
A11: 9 | B11: 蘇景郁 | C11: =SUM(D11:O11) -> 199 | D11: =TP1月份請假!C11 -> 0 | E11: =TP2月份請假!C11 -> 32 | F11: =TP3月份請假!C11 -> 0 | G11: =TP4月份請假!C11 -> 39 | H11: =TP5月份請假!C11 -> 16 | I11: =TP6月份請假!C11 -> 32 | J11: =TP7月份請假!C11 -> 24 | K11: =TP8月份請假!C11 -> 0 | L11: =TP9月份請假!C11 -> 24 | M11: =TP10月份請假!C11 -> 32
A12: 10 | B12: 潘其昌 | C12: =SUM(D12:O12) -> 96 | D12: =TP1月份請假!C12 -> 16 | E12: =TP2月份請假!C12 -> 0 | F12: =TP3月份請假!C12 -> 32 | G12: =TP4月份請假!C12 -> 0 | H12: =TP5月份請假!C12 -> 16 | I12: =TP6月份請假!C12 -> 16 | J12: =TP7月份請假!C12 -> 0 | K12: =TP8月份請假!C12 -> 0 | L12: =TP9月份請假!C12 -> 0 | M12: =TP10月份請假!C12 -> 16
A13: 11 | B13: 陳俊男 | C13: =SUM(D13:O13) -> 282 | D13: =TP1月份請假!C13 -> 8 | E13: =TP2月份請假!C13 -> 93 | F13: =TP3月份請假!C13 -> 16 | G13: =TP4月份請假!C13 -> 22 | H13: =TP5月份請假!C13 -> 16 | I13: =TP6月份請假!C13 -> 0 | J13: =TP7月份請假!C13 -> 49 | K13: =TP8月份請假!C13 -> 32 | L13: =TP9月份請假!C13 -> 24 | M13: =TP10月份請假!C13 -> 22
A14: 12 | B14: 林政宏 | C14: =SUM(D14:O14) -> 166 | D14: =TP1月份請假!C14 -> 0 | E14: =TP2月份請假!C14 -> 32 | F14: =TP3月份請假!C14 -> 22 | G14: =TP4月份請假!C14 -> 16 | H14: =TP5月份請假!C14 -> 0 | I14: =TP6月份請假!C14 -> 48 | J14: =TP7月份請假!C14 -> 16 | K14: =TP8月份請假!C14 -> 16 | L14: =TP9月份請假!C14 -> 16 | M14: =TP10月份請假!C14 -> 0
A15: 13 | B15: 陸長遠 | C15: =SUM(D15:O15) -> 138 | D15: =TP1月份請假!C15 -> 8 | E15: =TP2月份請假!C15 -> 56 | F15: =TP3月份請假!C15 -> 8 | G15: =TP4月份請假!C15 -> 12 | H15: =TP5月份請假!C15 -> 22 | I15: =TP6月份請假!C15 -> 16 | J15: =TP7月份請假!C15 -> 16 | K15: =TP8月份請假!C15 -> 0 | L15: =TP9月份請假!C15 -> 0 | M15: =TP10月份請假!C15 -> 0
A16: 13 | B16: 劉益豪 | C16: =SUM(D16:O16) -> 182 | D16: =TP1月份請假!C16 -> 0 | E16: =TP2月份請假!C16 -> 40 | F16: =TP3月份請假!C16 -> 0 | G16: =TP4月份請假!C16 -> 33 | H16: =TP5月份請假!C16 -> 11 | I16: =TP6月份請假!C16 -> 21 | J16: =TP7月份請假!C16 -> 48 | K16: =TP8月份請假!C16 -> 0 | L16: =TP9月份請假!C16 -> 18 | M16: =TP10月份請假!C16 -> 11
A17: 14 | B17: 李威漢 | C17: =SUM(D17:O17) -> 0 | D17: =TP1月份請假!C17 -> 0 | E17: =TP2月份請假!C17 -> 0 | F17: =TP3月份請假!C17 -> 0 | G17: =TP4月份請假!C17 -> 0 | H17: =TP5月份請假!C17 -> 0 | I17: =TP6月份請假!C17 -> 0 | J17: =TP7月份請假!C17 -> 0 | K17: =TP8月份請假!C17 -> 0 | L17: =TP9月份請假!C17 -> 0 | M17: =TP10月份請假!C17 -> 0
A18: 15 | B18: 王挺翰 | C18: =SUM(D18:O18) -> 0 | D18: =TP1月份請假!C18 -> 0 | E18: =TP2月份請假!C18 -> 0 | F18: =TP3月份請假!C18 -> 0 | G18: =TP4月份請假!C18 -> 0 | H18: =TP5月份請假!C18 -> 0 | I18: =TP6月份請假!C18 -> 0 | J18: =TP7月份請假!C18 -> 0 | K18: =TP8月份請假!C18 -> 0 | L18: =TP9月份請假!C18 -> 0 | M18: =TP10月份請假!C18 -> 0
A20: TP出勤-加班 | C20: 總累計 (0.5小時/單位) | D20: 1月累計 (0.5小時/單位) | E20: 2月累計 (0.5小時/單位) | F20: 3月累計 (0.5小時/單位) | G20: 4月累計 (0.5小時/單位) | H20: 5月累計 (0.5小時/單位) | I20: 6月累計 (0.5小時/單位) | J20: 7月累計 (0.5小時/單位) | K20: 8月累計 (0.5小時/單位) | L20: 9月累計 (0.5小時/單位) | M20: 10月累計 (0.5小時/單位) | N20: 11月累計 (0.5小時/單位) | O20: 12月累計 (0.5小時/單位) | P20: 2024月份加班直條圖(1~10月)
A21: NO. | B21: 姓名
A22: 1 | B22: 郭先弘 | C22: =SUM(D22:O22) -> 0 | D22: =TP1月份加班!C3 -> 0 | E22: =TP2月份加班!C3 -> 0 | F22: =TP3月份加班!C3 -> 0 | G22: =TP4月份加班!C3 -> 0 | H22: =TP5月份加班!C3 -> 0 | I22: =TP6月份加班!C3 -> 0 | J22: =TP7月份加班!C3 -> 0 | K22: =TP8月份加班!C3 -> 0 | L22: =TP9月份加班!C3 -> 0 | M22: =TP10月份加班!C3 -> 0
A23: 2 | B23: 陳淑芬 | C23: =SUM(D23:O23) -> 50 | D23: =TP1月份加班!C4 -> 0 | E23: =TP2月份加班!C4 -> 0 | F23: =TP3月份加班!C4 -> 8 | G23: =TP4月份加班!C4 -> 5 | H23: =TP5月份加班!C4 -> 0 | I23: =TP6月份加班!C4 -> 8 | J23: =TP7月份加班!C4 -> 0 | K23: =TP8月份加班!C4 -> 29 | L23: =TP9月份加班!C4 -> 0 | M23: =TP10月份加班!C4 -> 0
A24: 3 | B24: 林世彬 | C24: =SUM(D24:O24) -> 62 | D24: =TP1月份加班!C5 -> 18 | E24: =TP2月份加班!C5 -> 0 | F24: =TP3月份加班!C5 -> 13 | G24: =TP4月份加班!C5 -> 0 | H24: =TP5月份加班!C5 -> 24 | I24: =TP6月份加班!C5 -> 1 | J24: =TP7月份加班!C5 -> 0 | K24: =TP8月份加班!C5 -> 6 | L24: =TP9月份加班!C5 -> 0 | M24: =TP10月份加班!C5 -> 0
A25: 4 | B25: 何彥璋 | C25: =SUM(D25:O25) -> 93 | D25: =TP1月份加班!C6 -> 6 | E25: =TP2月份加班!C6 -> 0 | F25: =TP3月份加班!C6 -> 23 | G25: =TP4月份加班!C6 -> 11 | H25: =TP5月份加班!C6 -> 0 | I25: =TP6月份加班!C6 -> 11 | J25: =TP7月份加班!C6 -> 1 | K25: =TP8月份加班!C6 -> 20 | L25: =TP9月份加班!C6 -> 11 | M25: =TP10月份加班!C6 -> 10
A26: 5 | B26: 吳嘉銘 | C26: =SUM(D26:O26) -> 47 | D26: =TP1月份加班!C7 -> 9 | E26: =TP2月份加班!C7 -> 0 | F26: =TP3月份加班!C7 -> 16 | G26: =TP4月份加班!C7 -> 5 | H26: =TP5月份加班!C7 -> 0 | I26: =TP6月份加班!C7 -> 0 | J26: =TP7月份加班!C7 -> 1 | K26: =TP8月份加班!C7 -> 6 | L26: =TP9月份加班!C7 -> 2 | M26: =TP10月份加班!C7 -> 8
A27: 6 | B27: 林詠書 | C27: =SUM(D27:O27) -> 205 | D27: =TP1月份加班!C8 -> 33 | E27: =TP2月份加班!C8 -> 12 | F27: =TP3月份加班!C8 -> 38 | G27: =TP4月份加班!C8 -> 19 | H27: =TP5月份加班!C8 -> 24 | I27: =TP6月份加班!C8 -> 21 | J27: =TP7月份加班!C8 -> 17 | K27: =TP8月份加班!C8 -> 15 | L27: =TP9月份加班!C8 -> 6 | M27: =TP10月份加班!C8 -> 20
A28: 7 | B28: 謝秉宏 | C28: =SUM(D28:O28) -> 241 | D28: =TP1月份加班!C9 -> 34 | E28: =TP2月份加班!C9 -> 37 | F28: =TP3月份加班!C9 -> 47 | G28: =TP4月份加班!C9 -> 23 | H28: =TP5月份加班!C9 -> 8 | I28: =TP6月份加班!C9 -> 21 | J28: =TP7月份加班!C9 -> 15 | K28: =TP8月份加班!C9 -> 28 | L28: =TP9月份加班!C9 -> 17 | M28: =TP10月份加班!C9 -> 11
A29: 8 | B29: 林建宏 | C29: =SUM(D29:O29) -> 23 | D29: =TP1月份加班!C10 -> 6 | E29: =TP2月份加班!C10 -> 0 | F29: =TP3月份加班!C10 -> 0 | G29: =TP4月份加班!C10 -> 11 | H29: =TP5月份加班!C10 -> 0 | I29: =TP6月份加班!C10 -> 6 | J29: =TP7月份加班!C10 -> 0 | K29: =TP8月份加班!C10 -> 0 | L29: =TP9月份加班!C10 -> 0 | M29: =TP10月份加班!C10 -> 0
A30: 9 | B30: 蘇景郁 | C30: =SUM(D30:O30) -> 155 | D30: =TP1月份加班!C11 -> 6 | E30: =TP2月份加班!C11 -> 1 | F30: =TP3月份加班!C11 -> 16 | G30: =TP4月份加班!C11 -> 8 | H30: =TP5月份加班!C11 -> 12 | I30: =TP6月份加班!C11 -> 14 | J30: =TP7月份加班!C11 -> 0 | K30: =TP8月份加班!C11 -> 93 | L30: =TP9月份加班!C11 -> 3 | M30: =TP10月份加班!C11 -> 2
A31: 10 | B31: 潘其昌 | C31: =SUM(D31:O31) -> 50 | D31: =TP1月份加班!C12 -> 6 | E31: =TP2月份加班!C12 -> 0 | F31: =TP3月份加班!C12 -> 16 | G31: =TP4月份加班!C12 -> 22 | H31: =TP5月份加班!C12 -> 0 | I31: =TP6月份加班!C12 -> 0 | J31: =TP7月份加班!C12 -> 0 | K31: =TP8月份加班!C12 -> 2 | L31: =TP9月份加班!C12 -> 4 | M31: =TP10月份加班!C12 -> 0
A32: 11 | B32: 陳俊男 | C32: =SUM(D32:O32) -> 227 | D32: =TP1月份加班!C13 -> 25 | E32: =TP2月份加班!C13 -> 0 | F32: =TP3月份加班!C13 -> 0 | G32: =TP4月份加班!C13 -> 60 | H32: =TP5月份加班!C13 -> 55 | I32: =TP6月份加班!C13 -> 71 | J32: =TP7月份加班!C13 -> 16 | K32: =TP8月份加班!C13 -> 0 | L32: =TP9月份加班!C13 -> 0 | M32: =TP10月份加班!C13 -> 0
A33: 12 | B33: 林政宏 | C33: =SUM(D33:O33) -> 268 | D33: =TP1月份加班!C14 -> 44 | E33: =TP2月份加班!C14 -> 32 | F33: =TP3月份加班!C14 -> 33 | G33: =TP4月份加班!C14 -> 18 | H33: =TP5月份加班!C14 -> 43 | I33: =TP6月份加班!C14 -> 66 | J33: =TP7月份加班!C14 -> 32 | K33: =TP8月份加班!C14 -> 0 | L33: =TP9月份加班!C14 -> 0 | M33: =TP10月份加班!C14 -> 0
A34: 13 | B34: 劉益豪 | C34: =SUM(D34:O34) -> 227 | D34: =TP1月份加班!C16 -> 30 | E34: =TP2月份加班!C16 -> 12 | F34: =TP3月份加班!C16 -> 34 | G34: =TP4月份加班!C16 -> 22 | H34: =TP5月份加班!C16 -> 4 | I34: =TP6月份加班!C16 -> 7 | J34: =TP7月份加班!C16 -> 0 | K34: =TP8月份加班!C16 -> 85 | L34: =TP9月份加班!C16 -> 33 | M34: =TP10月份加班!C16 -> 0
A35: 14 | B35: 李威漢 | C35: =SUM(D35:O35) -> 10 | D35: =TP1月份加班!C17 -> 0 | E35: =TP2月份加班!C17 -> 0 | F35: =TP3月份加班!C17 -> 0 | G35: =TP4月份加班!C17 -> 0 | H35: =TP5月份加班!C17 -> 0 | I35: =TP6月份加班!C17 -> 0 | J35: =TP7月份加班!C17 -> 0 | K35: =TP8月份加班!C17 -> 0 | L35: =TP9月份加班!C17 -> 0 | M35: =TP10月份加班!C17 -> 10
A36: 15 | B36: 王挺翰 | C36: =SUM(D36:O36) -> 6 | D36: =TP1月份加班!C18 -> 0 | E36: =TP2月份加班!C18 -> 0 | F36: =TP3月份加班!C18 -> 0 | G36: =TP4月份加班!C18 -> 0 | H36: =TP5月份加班!C18 -> 0 | I36: =TP6月份加班!C18 -> 0 | J36: =TP7月份加班!C18 -> 0 | K36: =TP8月份加班!C18 -> 0 | L36: =TP9月份加班!C18 -> 0 | M36: =TP10月份加班!C18 -> 6
A38: TP出勤-加班減請假 | C38: 總累計 (0.5小時/單位) | D38: 1月累計 (0.5小時/單位) | E38: 2月累計 (0.5小時/單位) | F38: 3月累計 (0.5小時/單位) | G38: 4月累計 (0.5小時/單位) | H38: 5月累計 (0.5小時/單位) | I38: 6月累計 (0.5小時/單位) | J38: 7月累計 (0.5小時/單位) | K38: 8月累計 (0.5小時/單位) | L38: 9月累計 (0.5小時/單位) | M38: 10月累計 (0.5小時/單位) | N38: 11月累計 (0.5小時/單位) | O38: 12月累計 (0.5小時/單位) | P38: 2024月份加班減請假直條圖(1~10月)
A39: NO. | B39: 姓名
A40: 1 | B40: 郭先弘 | C40: =SUM(D40:O40) -> 0 | D40: ='TP加班累計-請假總合_2024'!C3 -> 0 | E40: ='TP加班累計-請假總合_2024'!D3 -> 0 | F40: ='TP加班累計-請假總合_2024'!E3 -> 0 | G40: ='TP加班累計-請假總合_2024'!F3 -> 0 | H40: ='TP加班累計-請假總合_2024'!G3 -> 0 | I40: ='TP加班累計-請假總合_2024'!H3 -> 0 | J40: ='TP加班累計-請假總合_2024'!I3 -> 0 | K40: ='TP加班累計-請假總合_2024'!J3 -> 0 | ... M40: ='TP加班累計-請假總合_2024'!L3 -> 0
A41: 2 | B41: 陳淑芬 | C41: =SUM(D41:O41) -> -101 | D41: ='TP加班累計-請假總合_2024'!C4 -> 0 | E41: ='TP加班累計-請假總合_2024'!D4 -> -23 | F41: ='TP加班累計-請假總合_2024'!E4 -> -9 | G41: ='TP加班累計-請假總合_2024'!F4 -> -3 | H41: ='TP加班累計-請假總合_2024'!G4 -> 0 | I41: ='TP加班累計-請假總合_2024'!H4 -> -8 | J41: ='TP加班累計-請假總合_2024'!I4 -> -16 | K41: ='TP加班累計-請假總合_2024'!J4 -> 22 | ... M41: ='TP加班累計-請假總合_2024'!L4 -> -29
A42: 3 | B42: 林世彬 | C42: =SUM(D42:O42) -> -94 | D42: ='TP加班累計-請假總合_2024'!C5 -> -2 | E42: ='TP加班累計-請假總合_2024'!D5 -> -9 | F42: ='TP加班累計-請假總合_2024'!E5 -> -25 | G42: ='TP加班累計-請假總合_2024'!F5 -> -32 | H42: ='TP加班累計-請假總合_2024'!G5 -> 19 | I42: ='TP加班累計-請假總合_2024'!H5 -> 1 | J42: ='TP加班累計-請假總合_2024'!I5 -> -21 | K42: ='TP加班累計-請假總合_2024'!J5 -> -3 | ... M42: ='TP加班累計-請假總合_2024'!L5 -> -12
A43: 4 | B43: 何彥璋 | C43: =SUM(D43:O43) -> -113 | D43: ='TP加班累計-請假總合_2024'!C6 -> -10 | E43: ='TP加班累計-請假總合_2024'!D6 -> -40 | F43: ='TP加班累計-請假總合_2024'!E6 -> -9 | G43: ='TP加班累計-請假總合_2024'!F6 -> 11 | H43: ='TP加班累計-請假總合_2024'!G6 -> -16 | I43: ='TP加班累計-請假總合_2024'!H6 -> -21 | J43: ='TP加班累計-請假總合_2024'!I6 -> -15 | K43: ='TP加班累計-請假總合_2024'!J6 -> 20 | ... M43: ='TP加班累計-請假總合_2024'!L6 -> -22
A44: 5 | B44: 吳嘉銘 | C44: =SUM(D44:O44) -> -110 | D44: ='TP加班累計-請假總合_2024'!C7 -> -7 | E44: ='TP加班累計-請假總合_2024'!D7 -> -21 | F44: ='TP加班累計-請假總合_2024'!E7 -> 16 | G44: ='TP加班累計-請假總合_2024'!F7 -> -27 | H44: ='TP加班累計-請假總合_2024'!G7 -> -16 | I44: ='TP加班累計-請假總合_2024'!H7 -> -16 | J44: ='TP加班累計-請假總合_2024'!I7 -> -7 | K44: ='TP加班累計-請假總合_2024'!J7 -> -10 | ... M44: ='TP加班累計-請假總合_2024'!L7 -> -8
A45: 6 | B45: 林詠書 | C45: =SUM(D45:O45) -> -14 | D45: ='TP加班累計-請假總合_2024'!C8 -> 17 | E45: ='TP加班累計-請假總合_2024'!D8 -> 4 | F45: ='TP加班累計-請假總合_2024'!E8 -> 34 | G45: ='TP加班累計-請假總合_2024'!F8 -> 19 | H45: ='TP加班累計-請假總合_2024'!G8 -> 0 | I45: ='TP加班累計-請假總合_2024'!H8 -> -18 | J45: ='TP加班累計-請假總合_2024'!I8 -> -3 | K45: ='TP加班累計-請假總合_2024'!J8 -> -9 | ... M45: ='TP加班累計-請假總合_2024'!L8 -> -28
A46: 7 | B46: 謝秉宏 | C46: =SUM(D46:O46) -> -51 | D46: ='TP加班累計-請假總合_2024'!C9 -> -6 | E46: ='TP加班累計-請假總合_2024'!D9 -> -9 | F46: ='TP加班累計-請假總合_2024'!E9 -> -11 | G46: ='TP加班累計-請假總合_2024'!F9 -> 18 | H46: ='TP加班累計-請假總合_2024'!G9 -> 4 | I46: ='TP加班累計-請假總合_2024'!H9 -> -12 | J46: ='TP加班累計-請假總合_2024'!I9 -> -11 | K46: ='TP加班累計-請假總合_2024'!J9 -> -20 | ... M46: ='TP加班累計-請假總合_2024'!L9 -> -5
A47: 8 | B47: 林建宏 | C47: =SUM(D47:O47) -> -77 | D47: ='TP加班累計-請假總合_2024'!C10 -> 6 | E47: ='TP加班累計-請假總合_2024'!D10 -> -56 | F47: ='TP加班累計-請假總合_2024'!E10 -> 0 | G47: ='TP加班累計-請假總合_2024'!F10 -> 11 | H47: ='TP加班累計-請假總合_2024'!G10 -> 0 | I47: ='TP加班累計-請假總合_2024'!H10 -> -10 | J47: ='TP加班累計-請假總合_2024'!I10 -> 0 | K47: ='TP加班累計-請假總合_2024'!J10 -> -24 | ... M47: ='TP加班累計-請假總合_2024'!L10 -> 0
A48: 9 | B48: 蘇景郁 | C48: =SUM(D48:O48) -> -44 | D48: ='TP加班累計-請假總合_2024'!C11 -> 6 | E48: ='TP加班累計-請假總合_2024'!D11 -> -31 | F48: ='TP加班累計-請假總合_2024'!E11 -> 16 | G48: ='TP加班累計-請假總合_2024'!F11 -> -31 | H48: ='TP加班累計-請假總合_2024'!G11 -> -4 | I48: ='TP加班累計-請假總合_2024'!H11 -> -18 | J48: ='TP加班累計-請假總合_2024'!I11 -> -24 | K48: ='TP加班累計-請假總合_2024'!J11 -> 93 | ... M48: ='TP加班累計-請假總合_2024'!L11 -> -30
A49: 10 | B49: 潘其昌 | C49: =SUM(D49:O49) -> -46 | D49: ='TP加班累計-請假總合_2024'!C12 -> -10 | E49: ='TP加班累計-請假總合_2024'!D12 -> 0 | F49: ='TP加班累計-請假總合_2024'!E12 -> -16 | G49: ='TP加班累計-請假總合_2024'!F12 -> 22 | H49: ='TP加班累計-請假總合_2024'!G12 -> -16 | I49: ='TP加班累計-請假總合_2024'!H12 -> -16 | J49: ='TP加班累計-請假總合_2024'!I12 -> 0 | K49: ='TP加班累計-請假總合_2024'!J12 -> 2 | ... M49: ='TP加班累計-請假總合_2024'!L12 -> -16
A50: 11 | B50: 陳俊男 | C50: =SUM(D50:O50) -> -55 | D50: ='TP加班累計-請假總合_2024'!C13 -> 17 | E50: ='TP加班累計-請假總合_2024'!D13 -> -93 | F50: ='TP加班累計-請假總合_2024'!E13 -> -16 | G50: ='TP加班累計-請假總合_2024'!F13 -> 38 | H50: ='TP加班累計-請假總合_2024'!G13 -> 39 | I50: ='TP加班累計-請假總合_2024'!H13 -> 71 | J50: ='TP加班累計-請假總合_2024'!I13 -> -33 | K50: ='TP加班累計-請假總合_2024'!J13 -> -32 | ... M50: ='TP加班累計-請假總合_2024'!L13 -> -22
A51: 12 | B51: 林政宏 | C51: =SUM(D51:O51) -> 102 | D51: ='TP加班累計-請假總合_2024'!C14 -> 44 | E51: ='TP加班累計-請假總合_2024'!D14 -> 0 | F51: ='TP加班累計-請假總合_2024'!E14 -> 11 | G51: ='TP加班累計-請假總合_2024'!F14 -> 2 | H51: ='TP加班累計-請假總合_2024'!G14 -> 43 | I51: ='TP加班累計-請假總合_2024'!H14 -> 18 | J51: ='TP加班累計-請假總合_2024'!I14 -> 16 | K51: ='TP加班累計-請假總合_2024'!J14 -> -16 | ... M51: ='TP加班累計-請假總合_2024'!L14 -> 0
A52: 13 | B52: 劉益豪 | C52: =SUM(D52:O52) -> 45 | D52: ='TP加班累計-請假總合_2024'!C16 -> 30 | E52: ='TP加班累計-請假總合_2024'!D16 -> -28 | F52: ='TP加班累計-請假總合_2024'!E16 -> 34 | G52: ='TP加班累計-請假總合_2024'!F16 -> -11 | H52: ='TP加班累計-請假總合_2024'!G16 -> -7 | I52: ='TP加班累計-請假總合_2024'!H16 -> -14 | J52: ='TP加班累計-請假總合_2024'!I16 -> -48 | K52: ='TP加班累計-請假總合_2024'!J16 -> 85 | ... M52: ='TP加班累計-請假總合_2024'!L16 -> -11
A53: 14 | B53: 李威漢 | C53: =SUM(D53:O53) -> 10 | D53: ='TP加班累計-請假總合_2024'!C17 -> 0 | E53: ='TP加班累計-請假總合_2024'!D17 -> 0 | F53: ='TP加班累計-請假總合_2024'!E17 -> 0 | G53: ='TP加班累計-請假總合_2024'!F17 -> 0 | H53: ='TP加班累計-請假總合_2024'!G17 -> 0 | I53: ='TP加班累計-請假總合_2024'!H17 -> 0 | J53: ='TP加班累計-請假總合_2024'!I17 -> 0 | K53: ='TP加班累計-請假總合_2024'!J17 -> 0 | ... M53: ='TP加班累計-請假總合_2024'!L17 -> 10
A54: 15 | B54: 王挺翰 | C54: =SUM(D54:O54) -> 0 | D54: ='TP加班累計-請假總合_2024'!C19 -> 0 | E54: ='TP加班累計-請假總合_2024'!D19 -> 0 | F54: ='TP加班累計-請假總合_2024'!E19 -> 0 | G54: ='TP加班累計-請假總合_2024'!F19 -> 0 | H54: ='TP加班累計-請假總合_2024'!G19 -> 0 | I54: ='TP加班累計-請假總合_2024'!H19 -> 0 | J54: ='TP加班累計-請假總合_2024'!I19 -> 0 | K54: ='TP加班累計-請假總合_2024'!J19 -> 0 | ... M54: ='TP加班累計-請假總合_2024'!L19 -> 0
A56: TP出勤-2023+2024 | C56: 2023+2024 總累計單位 (0.5小時/單位) | P56: 2023+2024加班減請假總合直條圖
A57: NO. | B57: 姓名
A58: 1 | B58: 郭先弘 | C58: ='TP加班-請假總合累計_2023+2024'!C3 -> 2
A59: 2 | B59: 陳淑芬 | C59: ='TP加班-請假總合累計_2023+2024'!C4 -> 17
A60: 3 | B60: 林世彬 | C60: ='TP加班-請假總合累計_2023+2024'!C5 -> -53
A61: 4 | B61: 何彥璋 | C61: ='TP加班-請假總合累計_2023+2024'!C6 -> -3
A62: 5 | B62: 吳嘉銘 | C62: ='TP加班-請假總合累計_2023+2024'!C7 -> -24
A63: 6 | B63: 林詠書 | C63: ='TP加班-請假總合累計_2023+2024'!C8 -> 100
A64: 7 | B64: 謝秉宏 | C64: ='TP加班-請假總合累計_2023+2024'!C9 -> 6
A65: 8 | B65: 林建宏 | C65: ='TP加班-請假總合累計_2023+2024'!C10 -> 10
A66: 9 | B66: 蘇景郁 | C66: ='TP加班-請假總合累計_2023+2024'!C11 -> -46
A67: 10 | B67: 潘其昌 | C67: ='TP加班-請假總合累計_2023+2024'!C12 -> 18
A68: 11 | B68: 陳俊男 | C68: ='TP加班-請假總合累計_2023+2024'!C13 -> 24
A69: 12 | B69: 林政宏 | C69: ='TP加班-請假總合累計_2023+2024'!C14 -> 329
A70: 13 | B70: 劉益豪 | C70: ='TP加班-請假總合累計_2023+2024'!C16 -> 67
A71: 14 | B71: 李威漢 | C71: ='TP加班-請假總合累計_2023+2024'!C17 -> -13
A72: 15 | B72: 王挺翰 | C72: ='TP加班-請假總合累計_2023+2024'!C19 -> 17

Sheet TP加班累計-請假總合_2024
A1: TP(加班-請假) | C1: 2024一月累計單位 (0.5小時/單位) | D1: 2024二月累計單位 (0.5小時/單位) | E1: 2024三月累計單位 (0.5小時/單位) | F1: 四月累計單位 (0.5小時/單位) | G1: 五月累計單位 (0.5小時/單位) | H1: 六月累計單位 (0.5小時/單位) | I1: 七月累計單位 (0.5小時/單位) | J1: 八月累計單位 (0.5小時/單位) | K1: 九月累計單位 (0.5小時/單位) | L1: 十月累計單位 (0.5小時/單位) | M1: 十一月累計單位 (0.5小時/單位) | N1: 十二月累計單位 (0.5小時/單位) | O1: 2024總累計單位 (0.5小時/單位)
A2: NO. | B2: 姓名
A3: 1 | B3: 郭先弘 | C3: =TP1月份加班!C3-TP1月份請假!C3 -> 0 | D3: =TP2月份加班!C3-TP2月份請假!C3 -> 0 | E3: =TP3月份加班!C3-TP3月份請假!C3 -> 0 | F3: =TP4月份加班!C3-TP4月份請假!C3 -> 0 | G3: =TP5月份加班!C3-TP5月份請假!C3 -> 0 | H3: =TP6月份加班!C3-TP6月份請假!C3 -> 0 | I3: =TP7月份加班!C3-TP7月份請假!C3 -> 0 | J3: =TP8月份加班!C3-TP8月份請假!C3 -> 0 | K3: =TP9月份加班!C3-TP9月份請假!C3 -> 0 | L3: =TP10月份加班!C3-TP10月份請假!C3 -> 0 | M3: =TP11月份加班!C3-TP11月份請假!C3 -> 0 | N3: =TP12月份加班!C3-TP12月份請假!C3 -> 0 | O3: =SUM(C3:N3) -> 0
A4: 2 | B4: 陳淑芬 | C4: =TP1月份加班!C4-TP1月份請假!C4 -> 0 | D4: =TP2月份加班!C4-TP2月份請假!C4 -> -23 | E4: =TP3月份加班!C4-TP3月份請假!C4 -> -9 | F4: =TP4月份加班!C4-TP4月份請假!C4 -> -3 | G4: =TP5月份加班!C4-TP5月份請假!C4 -> 0 | H4: =TP6月份加班!C4-TP6月份請假!C4 -> -8 | I4: =TP7月份加班!C4-TP7月份請假!C4 -> -16 | J4: =TP8月份加班!C4-TP8月份請假!C4 -> 22 | K4: =TP9月份加班!C4-TP9月份請假!C4 -> -35 | L4: =TP10月份加班!C4-TP10月份請假!C4 -> -29 | M4: =TP11月份加班!C4-TP11月份請假!C4 -> -11 | N4: =TP12月份加班!C4-TP12月份請假!C4 -> -26 | O4: =SUM(C4:N4) -> -138
A5: 3 | B5: 林世彬 | C5: =TP1月份加班!C5-TP1月份請假!C5 -> -2 | D5: =TP2月份加班!C5-TP2月份請假!C5 -> -9 | E5: =TP3月份加班!C5-TP3月份請假!C5 -> -25 | F5: =TP4月份加班!C5-TP4月份請假!C5 -> -32 | G5: =TP5月份加班!C5-TP5月份請假!C5 -> 19 | H5: =TP6月份加班!C5-TP6月份請假!C5 -> 1 | I5: =TP7月份加班!C5-TP7月份請假!C5 -> -21 | J5: =TP8月份加班!C5-TP8月份請假!C5 -> -3 | K5: =TP9月份加班!C5-TP9月份請假!C5 -> -10 | L5: =TP10月份加班!C5-TP10月份請假!C5 -> -12 | M5: =TP11月份加班!C5-TP11月份請假!C5 -> 0 | N5: =TP12月份加班!C5-TP12月份請假!C5 -> -6 | O5: =SUM(C5:N5) -> -100
A6: 4 | B6: 何彥璋 | C6: =TP1月份加班!C6-TP1月份請假!C6 -> -10 | D6: =TP2月份加班!C6-TP2月份請假!C6 -> -40 | E6: =TP3月份加班!C6-TP3月份請假!C6 -> -9 | F6: =TP4月份加班!C6-TP4月份請假!C6 -> 11 | G6: =TP5月份加班!C6-TP5月份請假!C6 -> -16 | H6: =TP6月份加班!C6-TP6月份請假!C6 -> -21 | I6: =TP7月份加班!C6-TP7月份請假!C6 -> -15 | J6: =TP8月份加班!C6-TP8月份請假!C6 -> 20 | K6: =TP9月份加班!C6-TP9月份請假!C6 -> -11 | L6: =TP10月份加班!C6-TP10月份請假!C6 -> -22 | M6: =TP11月份加班!C6-TP11月份請假!C6 -> 18 | N6: =TP12月份加班!C6-TP12月份請假!C6 -> 18 | O6: =SUM(C6:N6) -> -77
A7: 5 | B7: 吳嘉銘 | C7: =TP1月份加班!C7-TP1月份請假!C7 -> -7 | D7: =TP2月份加班!C7-TP2月份請假!C7 -> -21 | E7: =TP3月份加班!C7-TP3月份請假!C7 -> 16 | F7: =TP4月份加班!C7-TP4月份請假!C7 -> -27 | G7: =TP5月份加班!C7-TP5月份請假!C7 -> -16 | H7: =TP6月份加班!C7-TP6月份請假!C7 -> -16 | I7: =TP7月份加班!C7-TP7月份請假!C7 -> -7 | J7: =TP8月份加班!C7-TP8月份請假!C7 -> -10 | K7: =TP9月份加班!C7-TP9月份請假!C7 -> -14 | L7: =TP10月份加班!C7-TP10月份請假!C7 -> -8 | M7: =TP11月份加班!C7-TP11月份請假!C7 -> 8 | N7: =TP12月份加班!C7-TP12月份請假!C7 -> -15 | O7: =SUM(C7:N7) -> -117 | S7: `
A8: 6 | B8: 林詠書 | C8: =TP1月份加班!C8-TP1月份請假!C8 -> 17 | D8: =TP2月份加班!C8-TP2月份請假!C8 -> 4 | E8: =TP3月份加班!C8-TP3月份請假!C8 -> 34 | F8: =TP4月份加班!C8-TP4月份請假!C8 -> 19 | G8: =TP5月份加班!C8-TP5月份請假!C8 -> 0 | H8: =TP6月份加班!C8-TP6月份請假!C8 -> -18 | I8: =TP7月份加班!C8-TP7月份請假!C8 -> -3 | J8: =TP8月份加班!C8-TP8月份請假!C8 -> -9 | K8: =TP9月份加班!C8-TP9月份請假!C8 -> -30 | L8: =TP10月份加班!C8-TP10月份請假!C8 -> -28 | M8: =TP11月份加班!C8-TP11月份請假!C8 -> -14 | N8: =TP12月份加班!C8-TP12月份請假!C8 -> -34 | O8: =SUM(C8:N8) -> -62
A9: 7 | B9: 謝秉宏 | C9: =TP1月份加班!C9-TP1月份請假!C9 -> -6 | D9: =TP2月份加班!C9-TP2月份請假!C9 -> -9 | E9: =TP3月份加班!C9-TP3月份請假!C9 -> -11 | F9: =TP4月份加班!C9-TP4月份請假!C9 -> 18 | G9: =TP5月份加班!C9-TP5月份請假!C9 -> 4 | H9: =TP6月份加班!C9-TP6月份請假!C9 -> -12 | I9: =TP7月份加班!C9-TP7月份請假!C9 -> -11 | J9: =TP8月份加班!C9-TP8月份請假!C9 -> -20 | K9: =TP9月份加班!C9-TP9月份請假!C9 -> 1 | L9: =TP10月份加班!C9-TP10月份請假!C9 -> -5 | M9: =TP11月份加班!C9-TP11月份請假!C9 -> 25 | N9: =TP12月份加班!C9-TP12月份請假!C9 -> -7 | O9: =SUM(C9:N9) -> -33
A10: 8 | B10: 林建宏 | C10: =TP1月份加班!C10-TP1月份請假!C10 -> 6 | D10: =TP2月份加班!C10-TP2月份請假!C10 -> -56 | E10: =TP3月份加班!C10-TP3月份請假!C10 -> 0 | F10: =TP4月份加班!C10-TP4月份請假!C10 -> 11 | G10: =TP5月份加班!C10-TP5月份請假!C10 -> 0 | H10: =TP6月份加班!C10-TP6月份請假!C10 -> -10 | I10: =TP7月份加班!C10-TP7月份請假!C10 -> 0 | J10: =TP8月份加班!C10-TP8月份請假!C10 -> -24 | K10: =TP9月份加班!C10-TP9月份請假!C10 -> -4 | L10: =TP10月份加班!C10-TP10月份請假!C10 -> 0 | M10: =TP11月份加班!C10-TP11月份請假!C10 -> -8 | N10: =TP12月份加班!C10-TP12月份請假!C10 -> -16 | O10: =SUM(C10:N10) -> -101
A11: 9 | B11: 蘇景郁 | C11: =TP1月份加班!C11-TP1月份請假!C11 -> 6 | D11: =TP2月份加班!C11-TP2月份請假!C11 -> -31 | E11: =TP3月份加班!C11-TP3月份請假!C11 -> 16 | F11: =TP4月份加班!C11-TP4月份請假!C11 -> -31 | G11: =TP5月份加班!C11-TP5月份請假!C11 -> -4 | H11: =TP6月份加班!C11-TP6月份請假!C11 -> -18 | I11: =TP7月份加班!C11-TP7月份請假!C11 -> -24 | J11: =TP8月份加班!C11-TP8月份請假!C11 -> 93 | K11: =TP9月份加班!C11-TP9月份請假!C11 -> -21 | L11: =TP10月份加班!C11-TP10月份請假!C11 -> -30 | M11: =TP11月份加班!C11-TP11月份請假!C11 -> -16 | N11: =TP12月份加班!C11-TP12月份請假!C11 -> -33 | O11: =SUM(C11:N11) -> -93
A12: 10 | B12: 潘其昌 | C12: =TP1月份加班!C12-TP1月份請假!C12 -> -10 | D12: =TP2月份加班!C12-TP2月份請假!C12 -> 0 | E12: =TP3月份加班!C12-TP3月份請假!C12 -> -16 | F12: =TP4月份加班!C12-TP4月份請假!C12 -> 22 | G12: =TP5月份加班!C12-TP5月份請假!C12 -> -16 | H12: =TP6月份加班!C12-TP6月份請假!C12 -> -16 | I12: =TP7月份加班!C12-TP7月份請假!C12 -> 0 | J12: =TP8月份加班!C12-TP8月份請假!C12 -> 2 | K12: =TP9月份加班!C12-TP9月份請假!C12 -> 4 | L12: =TP10月份加班!C12-TP10月份請假!C12 -> -16 | M12: =TP11月份加班!C12-TP11月份請假!C12 -> 15 | N12: =TP12月份加班!C12-TP12月份請假!C12 -> -29 | O12: =SUM(C12:N12) -> -60
A13: 11 | B13: 陳俊男 | C13: =TP1月份加班!C13-TP1月份請假!C13 -> 17 | D13: =TP2月份加班!C13-TP2月份請假!C13 -> -93 | E13: =TP3月份加班!C13-TP3月份請假!C13 -> -16 | F13: =TP4月份加班!C13-TP4月份請假!C13 -> 38 | G13: =TP5月份加班!C13-TP5月份請假!C13 -> 39 | H13: =TP6月份加班!C13-TP6月份請假!C13 -> 71 | I13: =TP7月份加班!C13-TP7月份請假!C13 -> -33 | J13: =TP8月份加班!C13-TP8月份請假!C13 -> -32 | K13: =TP9月份加班!C13-TP9月份請假!C13 -> -24 | L13: =TP10月份加班!C13-TP10月份請假!C13 -> -22 | M13: =TP11月份加班!C13-TP11月份請假!C13 -> -18 | N13: =TP12月份加班!C13-TP12月份請假!C13 -> -16 | O13: =SUM(C13:N13) -> -89
A14: 12 | B14: 林政宏 | C14: =TP1月份加班!C14-TP1月份請假!C14 -> 44 | D14: =TP2月份加班!C14-TP2月份請假!C14 -> 0 | E14: =TP3月份加班!C14-TP3月份請假!C14 -> 11 | F14: =TP4月份加班!C14-TP4月份請假!C14 -> 2 | G14: =TP5月份加班!C14-TP5月份請假!C14 -> 43 | H14: =TP6月份加班!C14-TP6月份請假!C14 -> 18 | I14: =TP7月份加班!C14-TP7月份請假!C14 -> 16 | J14: =TP8月份加班!C14-TP8月份請假!C14 -> -16 | K14: =TP9月份加班!C14-TP9月份請假!C14 -> -16 | L14: =TP10月份加班!C14-TP10月份請假!C14 -> 0 | M14: =TP11月份加班!C14-TP11月份請假!C14 -> 15 | N14: =TP12月份加班!C14-TP12月份請假!C14 -> -128 | O14: =SUM(C14:N14) -> -11
A15: 13 | B15: 陸長遠 | C15: =TP1月份加班!C15-TP1月份請假!C15 -> 5 | D15: =TP2月份加班!C15-TP2月份請假!C15 -> -48 | E15: =TP3月份加班!C15-TP3月份請假!C15 -> 23 | F15: =TP4月份加班!C15-TP4月份請假!C15 -> -9 | G15: =TP5月份加班!C15-TP5月份請假!C15 -> -22 | H15: =TP6月份加班!C15-TP6月份請假!C15 -> -16 | I15: =TP7月份加班!C15-TP7月份請假!C15 -> -16 | J15: =TP8月份加班!C15-TP8月份請假!C15 -> 0 | K15: =TP9月份加班!C15-TP9月份請假!C15 -> 0 | L15: =TP10月份加班!C15-TP10月份請假!C15 -> 0 | M15: =TP11月份加班!C15-TP11月份請假!C15 -> 0 | N15: =TP12月份加班!C15-TP12月份請假!C15 -> 0 | O15: =SUM(C15:N15) -> -83
A16: 13 | B16: 劉益豪 | C16: =TP1月份加班!C16-TP1月份請假!C16 -> 30 | D16: =TP2月份加班!C16-TP2月份請假!C16 -> -28 | E16: =TP3月份加班!C16-TP3月份請假!C16 -> 34 | F16: =TP4月份加班!C16-TP4月份請假!C16 -> -11 | G16: =TP5月份加班!C16-TP5月份請假!C16 -> -7 | H16: =TP6月份加班!C16-TP6月份請假!C16 -> -14 | I16: =TP7月份加班!C16-TP7月份請假!C16 -> -48 | J16: =TP8月份加班!C16-TP8月份請假!C16 -> 85 | K16: =TP9月份加班!C16-TP9月份請假!C16 -> 15 | L16: =TP10月份加班!C16-TP10月份請假!C16 -> -11 | M16: =TP11月份加班!C16-TP11月份請假!C16 -> 0 | N16: =TP12月份加班!C16-TP12月份請假!C16 -> -42 | O16: =SUM(C16:N16) -> 3
A17: 14 | B17: 李威漢 | K17: =TP9月份加班!C17-TP9月份請假!C17 -> 0 | L17: =TP10月份加班!C17-TP10月份請假!C17 -> 10 | M17: =TP11月份加班!C17-TP11月份請假!C17 -> -8 | N17: =TP12月份加班!C17-TP12月份請假!C17 -> -15 | O17: =SUM(C17:N17) -> -13
A18: 15 | B18: 王挺翰 | L18: =TP10月份加班!C17-TP10月份請假!C17 -> 10 | M18: =TP11月份加班!C18-TP11月份請假!C18 -> 6 | N18: =TP12月份加班!C18-TP12月份請假!C18 -> -7 | O18: =SUM(C18:N18) -> 9
A19: 16 | B19: 李又誠 | M19: =TP11月份加班!C19-TP11月份請假!C19 -> 0 | N19: =TP12月份加班!C19-TP12月份請假!C19 -> 17 | O19: =SUM(C19:N19) -> 17
A20: 1.紅字代表請假單位大於加班單位

Sheet TP加班-請假總合累計_2023+2024
A1: TP(加班-請假) | C1: 2023+2024總累計單位 (0.5小時/單位)
A2: NO. | B2: 姓名
A3: 1 | B3: 郭先弘 | C3: ='TP加班累計-請假總合_2023'!C3+'TP加班累計-請假總合_2024'!O3 -> 2
A4: 2 | B4: 陳淑芬 | C4: ='TP加班累計-請假總合_2023'!C4+'TP加班累計-請假總合_2024'!O4 -> 17 | D4: 17
A5: 3 | B5: 林世彬 | C5: ='TP加班累計-請假總合_2023'!C5+'TP加班累計-請假總合_2024'!O5 -> -53 | D5: -53
A6: 4 | B6: 何彥璋 | C6: ='TP加班累計-請假總合_2023'!C6+'TP加班累計-請假總合_2024'!O6 -> -3 | D6: -3
A7: 5 | B7: 吳嘉銘 | C7: ='TP加班累計-請假總合_2023'!C7+'TP加班累計-請假總合_2024'!O7 -> -24 | D7: -24 | G7: `
A8: 6 | B8: 林詠書 | C8: ='TP加班累計-請假總合_2023'!C8+'TP加班累計-請假總合_2024'!O8 -> 100 | D8: 100
A9: 7 | B9: 謝秉宏 | C9: ='TP加班累計-請假總合_2023'!C9+'TP加班累計-請假總合_2024'!O9 -> 6 | D9: 6
A10: 8 | B10: 林建宏 | C10: ='TP加班累計-請假總合_2023'!C10+'TP加班累計-請假總合_2024'!O10 -> 10 | D10: 10
A11: 9 | B11: 蘇景郁 | C11: ='TP加班累計-請假總合_2023'!C11+'TP加班累計-請假總合_2024'!O11 -> -46 | D11: -46
A12: 10 | B12: 潘其昌 | C12: ='TP加班累計-請假總合_2023'!C12+'TP加班累計-請假總合_2024'!O12 -> 18 | D12: 18
A13: 11 | B13: 陳俊男 | C13: ='TP加班累計-請假總合_2023'!C13+'TP加班累計-請假總合_2024'!O13 -> 24 | D13: 24
A14: 12 | B14: 林政宏 | C14: ='TP加班累計-請假總合_2023'!C14+'TP加班累計-請假總合_2024'!O14 -> 329 | D14: 112
A15: 13 | B15: 陸長遠 | C15: ='TP加班累計-請假總合_2023'!C15+'TP加班累計-請假總合_2024'!O15 -> -21
A16: 13 | B16: 劉益豪 | C16: ='TP加班累計-請假總合_2023'!C16+'TP加班累計-請假總合_2024'!O16 -> 67 | D16: 67
A17: 14 | B17: 李威漢 | C17: ='TP加班累計-請假總合_2023'!C17+'TP加班累計-請假總合_2024'!O17 -> -13 | D17: -13
A18: 15 | B18: 王挺翰 | C18: ='TP加班累計-請假總合_2023'!C18+'TP加班累計-請假總合_2024'!O18 -> 9 | D18: 9
A19: 16 | B19: 李又誠 | C19: ='TP加班累計-請假總合_2023'!C19+'TP加班累計-請假總合_2024'!O19 -> 17 | D19: 17
A20: 1.紅字代表請假單位大於加班單位

Sheet TP加班累計-請假總合_2023
A1: TP(加班-請假) | C1: 2023總累計單位 (0.5小時/單位)
A2: NO. | B2: 姓名
A3: 1 | B3: 郭先弘 | C3: 2
A4: 2 | B4: 陳淑芬 | C4: 155
A5: 3 | B5: 林世彬 | C5: 47
A6: 4 | B6: 何彥璋 | C6: 74
A7: 5 | B7: 吳嘉銘 | C7: 93 | G7: `
A8: 6 | B8: 林詠書 | C8: 162
A9: 7 | B9: 謝秉宏 | C9: 39
A10: 8 | B10: 林建宏 | C10: 111
A11: 9 | B11: 蘇景郁 | C11: 47
A12: 10 | B12: 潘其昌 | C12: 78
A13: 11 | B13: 陳俊男 | C13: 113
A14: 12 | B14: 林政宏 | C14: 340
A15: 13 | B15: 陸長遠 | C15: 62
A16: 14 | B16: 劉益豪 | C16: 64
A17: 1.紅字代表請假單位大於加班單位

Sheet TP1月份請假
A1: TP請假 | C1: 一月累計 (0.5小時/單位) | D1: 45292 | E1: 45293 | F1: 45294 | G1: 45295 | H1: 45296 | I1: 45297 | J1: 45298 | K1: 45299 | L1: 45300 | M1: 45301 | N1: 45302 | O1: 45303 | P1: 45304 | Q1: 45305 | R1: 45306 | S1: 45307 | T1: 45308 | U1: 45309 | V1: 45310 | W1: 45311 | X1: 45312 | Y1: 45313 | Z1: 45314 | AA1: 45315 | AB1: 45316 | AC1: 45317 | AD1: 45318 | AE1: 45319 | AF1: 45320 | AG1: 45321 | AH1: 45322
A2: NO. | B2: 姓名
A3: 1 | B3: 郭先弘 | C3: =SUM(D3:AH3) -> 0 | D3: 0 | E3: 0 | F3: 0 | G3: 0 | H3: 0 | K3: 0 | L3: 0 | M3: 0 | N3: 0 | O3: 0 | R3: 0 | S3: 0 | T3: 0 | U3: 0 | V3: 0 | Y3: 0 | Z3: 0 | AA3: 0 | AB3: 0 | AC3: 0 | AF3: 0 | AG3: 0 | AH3: 0
A4: 2 | B4: 陳淑芬 | C4: =SUM(D4:AH4) -> 0 | D4: 0 | E4: 0 | F4: 0 | G4: 0 | H4: 0 | K4: 0 | L4: 0 | M4: 0 | N4: 0 | O4: 0 | R4: 0 | S4: 0 | T4: 0 | U4: 0 | V4: 0 | Y4: 0 | Z4: 0 | AA4: 0 | AB4: 0 | AC4: 0 | AF4: 0 | AG4: 0 | AH4: 0
A5: 3 | B5: 林世彬 | C5: =SUM(D5:AH5) -> 20 | D5: 0 | E5: 0 | F5: 0 | G5: 0 | H5: 0 | K5: 6 | L5: 0 | M5: 0 | N5: 0 | O5: 0 | R5: 0 | S5: 8 | T5: 0 | U5: 0 | V5: 0 | Y5: 0 | Z5: 0 | AA5: 0 | AB5: 6 | AC5: 0 | AF5: 0 | AG5: 0 | AH5: 0
A6: 4 | B6: 何彥璋 | C6: =SUM(D6:AH6) -> 16 | D6: 0 | E6: 16 | F6: 0 | G6: 0 | H6: 0 | K6: 0 | L6: 0 | M6: 0 | N6: 0 | O6: 0 | R6: 0 | S6: 0 | T6: 0 | U6: 0 | V6: 0 | Y6: 0 | Z6: 0 | AA6: 0 | AB6: 0 | AC6: 0 | AF6: 0 | AG6: 0 | AH6: 0
A7: 5 | B7: 吳嘉銘 | C7: =SUM(D7:AH7) -> 16 | D7: 0 | E7: 0 | F7: 0 | G7: 0 | H7: 0 | K7: 0 | L7: 0 | M7: 0 | N7: 16 | O7: 0 | R7: 0 | S7: 0 | T7: 0 | U7: 0 | V7: 0 | Y7: 0 | Z7: 0 | AA7: 0 | AB7: 0 | AC7: 0 | AF7: 0 | AG7: 0 | AH7: 0
A8: 6 | B8: 林詠書 | C8: =SUM(D8:AH8) -> 16 | D8: 0 | E8: 0 | F8: 0 | G8: 0 | H8: 0 | K8: 0 | L8: 0 | M8: 0 | N8: 0 | O8: 0 | R8: 0 | S8: 0 | T8: 0 | U8: 0 | V8: 0 | Y8: 0 | Z8: 0 | AA8: 0 | AB8: 0 | AC8: 0 | AF8: 0 | AG8: 16 | AH8: 0
A9: 7 | B9: 謝秉宏 | C9: =SUM(D9:AH9) -> 40 | D9: 0 | E9: 0 | F9: 0 | G9: 0 | H9: 0 | K9: 0 | L9: 0 | M9: 0 | N9: 0 | O9: 0 | R9: 0 | S9: 0 | T9: 0 | U9: 0 | V9: 0 | Y9: 0 | Z9: 0 | AA9: 16 | AB9: 8 | AC9: 0 | AF9: 16 | AG9: 0 | AH9: 0
A10: 8 | B10: 林建宏 | C10: =SUM(D10:AH10) -> 0 | D10: 0 | E10: 0 | F10: 0 | G10: 0 | H10: 0 | K10: 0 | L10: 0 | M10: 0 | N10: 0 | O10: 0 | R10: 0 | S10: 0 | T10: 0 | U10: 0 | V10: 0 | Y10: 0 | Z10: 0 | AA10: 0 | AB10: 0 | AC10: 0 | AF10: 0 | AG10: 0 | AH10: 0
A11: 9 | B11: 蘇景郁 | C11: =SUM(D11:AH11) -> 0 | D11: 0 | E11: 0 | F11: 0 | G11: 0 | H11: 0 | K11: 0 | L11: 0 | M11: 0 | N11: 0 | O11: 0 | R11: 0 | S11: 0 | T11: 0 | U11: 0 | V11: 0 | Y11: 0 | Z11: 0 | AA11: 0 | AB11: 0 | AC11: 0 | AF11: 0 | AG11: 0 | AH11: 0
A12: 10 | B12: 潘其昌 | C12: =SUM(D12:AH12) -> 16 | D12: 0 | E12: 16 | F12: 0 | G12: 0 | H12: 0 | K12: 0 | L12: 0 | M12: 0 | N12: 0 | O12: 0 | R12: 0 | S12: 0 | T12: 0 | U12: 0 | V12: 0 | Y12: 0 | Z12: 0 | AA12: 0 | AB12: 0 | AC12: 0 | AF12: 0 | AG12: 0 | AH12: 0
A13: 11 | B13: 陳俊男 | C13: =SUM(D13:AH13) -> 8 | D13: 0 | E13: 0 | F13: 0 | G13: 0 | H13: 0 | K13: 0 | L13: 8 | M13: 0 | N13: 0 | O13: 0 | R13: 0 | S13: 0 | T13: 0 | U13: 0 | V13: 0 | Y13: 0 | Z13: 0 | AA13: 0 | AB13: 0 | AC13: 0 | AF13: 0 | AG13: 0 | AH13: 0
A14: 12 | B14: 林政宏 | C14: =SUM(D14:AH14) -> 0 | D14: 0 | E14: 0 | F14: 0 | G14: 0 | H14: 0 | K14: 0 | L14: 0 | M14: 0 | N14: 0 | O14: 0 | R14: 0 | S14: 0 | T14: 0 | U14: 0 | V14: 0 | Y14: 0 | Z14: 0 | AA14: 0 | AB14: 0 | AC14: 0 | AF14: 0 | AG14: 0 | AH14: 0
... A16: 14 | B16: 劉益豪 | C16: =SUM(D16:AH16) -> 0 | D16: 0 | E16: 0 | F16: 0 | G16: 0 | H16: 0 | K16: 0 | L16: 0 | M16: 0 | N16: 0 | O16: 0 | R16: 0 | S16: 0 | T16: 0 | U16: 0 | V16: 0 | Y16: 0 | Z16: 0 | AA16: 0 | AB16: 0 | AC16: 0 | AF16: 0 | AG16: 0 | AH16: 0

Sheet TP出勤1月份
A1: TP出勤 | C1: 45292 | D1: 45293 | E1: 45294 | F1: 45295 | G1: 45296 | H1: 45297 | I1: 45298 | J1: 45299 | K1: 45300 | L1: 45301 | M1: 45302 | N1: 45303 | O1: 45304 | P1: 45305 | Q1: 45306 | R1: 45307 | S1: 45308 | T1: 45309 | U1: 45310 | V1: 45311 | W1: 45312 | X1: 45313 | Y1: 45314 | Z1: 45315 | AA1: 45316 | AB1: 45317 | AC1: 45318 | AD1: 45319 | AE1: 45320 | AF1: 45321 | AG1: 45322
A2: NO. | B2: 姓名
A3: 1 | B3: 郭先弘 | D3: ✓ | E3: 出差 | F3: 出差 | G3: 出差 | J3: 出差 | K3: 出差 | L3: 出差 | M3: 出差 | N3: 出差 | Q3: 出差 | R3: 出差 | S3: 出差 | T3: 出差 | U3: 出差 | X3: 出差 | Y3: 出差 | Z3: 出差 | AA3: 出差 | AB3: 出差 | AE3: 出差 | AF3: 出差 | AG3: 出差
A4: 2 | B4: 陳淑芬 | D4: ✓ | E4: 出差 | F4: 出差 | G4: 出差 | J4: 出差 | K4: 出差 | L4: 出差 | M4: 出差 | N4: 出差 | Q4: 出差 | R4: 出差 | S4: 出差 | T4: 出差 | U4: 出差 | X4: 出差 | Y4: 出差 | Z4: 出差 | AA4: 出差 | AB4: 出差 | AE4: 出差 | AF4: 出差 | AG4: 出差
A5: 3 | B5: 林世彬 | D5: ✓ | E5: ✓ | F5: ✓ | G5: ✓ | J5: ✓ | K5: ✓ | L5: ✓ | M5: ✓ | N5: ✓ | Q5: ✓ | R5: ◎ | S5: ✓ | T5: ✓ | U5: ✓ | X5: ✓ | Y5: ✓ | Z5: ✓ | AA5: ✓ | AB5: ✓ | AE5: ✓ | AF5: ✓ | AG5: ✓
A6: 4 | B6: 何彥璋 | D6: ◎ | E6: 出差 | F6: 出差 | G6: 出差 | J6: 出差 | K6: 出差 | L6: 出差 | M6: 出差 | N6: 出差 | Q6: 出差 | R6: 出差 | S6: 出差 | T6: 出差 | U6: 出差 | X6: 出差 | Y6: 出差 | Z6: 出差 | AA6: 出差 | AB6: 出差 | AE6: 出差 | AF6: 出差 | AG6: 出差
A7: 5 | B7: 吳嘉銘 | D7: 出差 | E7: 出差 | F7: 出差 | G7: 出差 | J7: ✓ | K7: ✓ | L7: ✓ | M7: ◎ | N7: 出差 | Q7: 出差 | R7: 出差 | S7: 出差 | T7: 出差 | U7: 出差 | X7: 出差 | Y7: 出差 | Z7: 出差 | AA7: 出差 | AB7: 出差 | AE7: 出差 | AF7: 出差 | AG7: 出差
A8: 6 | B8: 林詠書 | D8: ✓ | E8: ✓ | F8: ✓ | G8: ✓ | J8: 出差 | K8: 出差 | L8: 出差 | M8: 出差 | N8: 出差 | Q8: 出差 | R8: 出差 | S8: 出差 | T8: 出差 | U8: 出差 | X8: 出差 | Y8: 出差 | Z8: 出差 | AA8: 出差 | AB8: 出差 | AE8: 出差 | AF8: ◎ | AG8: ✓
A9: 7 | B9: 謝秉宏 | D9: ✓ | E9: ✓ | F9: ✓ | G9: ✓ | J9: ✓ | K9: ✓ | L9: ✓ | M9: ✓ | N9: ✓ | Q9: ✓ | R9: ✓ | S9: ✓ | T9: ✓ | U9: ✓ | X9: ✓ | Y9: ✓ | Z9: ◎ | AA9: ✓ | AB9: ✓ | AE9: ◎ | AF9: ✓ | AG9: ✓
A10: 8 | B10: 林建宏 | D10: ✓ | E10: 出差 | F10: 出差 | G10: 出差 | J10: 出差 | K10: 出差 | L10: 出差 | M10: 出差 | N10: 出差 | Q10: 出差 | R10: 出差 | S10: 出差 | T10: 出差 | U10: 出差 | X10: 出差 | Y10: 出差 | Z10: 出差 | AA10: 出差 | AB10: 出差 | AE10: 出差 | AF10: 出差 | AG10: 出差
A11: 9 | B11: 蘇景郁 | D11: ✓ | E11: 出差 | F11: 出差 | G11: 出差 | J11: 出差 | K11: 出差 | L11: 出差 | M11: 出差 | N11: 出差 | Q11: 出差 | R11: 出差 | S11: 出差 | T11: 出差 | U11: 出差 | X11: 出差 | Y11: 出差 | Z11: 出差 | AA11: 出差 | AB11: 出差 | AE11: 出差 | AF11: 出差 | AG11: 出差
A12: 10 | B12: 潘其昌 | D12: ◎ | E12: 出差 | F12: 出差 | G12: 出差 | J12: 出差 | K12: 出差 | L12: 出差 | M12: 出差 | N12: 出差 | Q12: 出差 | R12: 出差 | S12: 出差 | T12: 出差 | U12: 出差 | X12: 出差 | Y12: 出差 | Z12: 出差 | AA12: 出差 | AB12: 出差 | AE12: 出差 | AF12: 出差 | AG12: 出差
A13: 11 | B13: 陳俊男 | D13: ✓ | E13: ✓ | F13: ✓ | G13: ✓ | J13: ✓ | K13: ✓ | L13: 出差 | M13: 出差 | N13: 出差 | Q13: 出差 | R13: 出差 | S13: 出差 | T13: 出差 | U13: 出差 | X13: 出差 | Y13: 出差 | Z13: 出差 | AA13: 出差 | AB13: 出差 | AE13: 出差 | AF13: 出差 | AG13: 出差
A14: 12 | B14: 林政宏 | D14: 出差 | E14: 出差 | F14: 出差 | G14: 出差 | J14: 出差 | K14: 出差 | L14: 出差 | M14: 出差 | N14: 出差 | Q14: 出差 | R14: 出差 | S14: 出差 | T14: 出差 | U14: 出差 | X14: 出差 | Y14: 出差 | Z14: 出差 | AA14: 出差 | AB14: 出差 | AE14: 出差 | AF14: 出差 | AG14: 出差
... A16: 14 | B16: 劉益豪 | D16: 出差 | E16: 出差 | F16: 出差 | G16: 出差 | J16: 出差 | K16: 出差 | L16: 出差 | M16: 出差 | N16: 出差 | Q16: 出差 | R16: 出差 | S16: 出差 | T16: 出差 | U16: 出差 | X16: 出差 | Y16: 出差 | Z16: 出差 | AA16: 出差 | AB16: 出差 | AE16: 出差 | AF16: 出差 | AG16: 出差
A17: ✓ | B17: 正常
A18: ◎ | B18: 補休
A19: △ | B19: 遲到

Sheet TP1月份加班
A1: TP加班 | C1: 一月累計 (0.5小時/單位) | D1: 45292 | E1: 45293 | F1: 45294 | G1: 45295 | H1: 45296 | I1: 45297 | J1: 45298 | K1: 45299 | L1: 45300 | M1: 45301 | N1: 45302 | O1: 45303 | P1: 45304 | Q1: 45305 | R1: 45306 | S1: 45307 | T1: 45308 | U1: 45309 | V1: 45310 | W1: 45311 | X1: 45312 | Y1: 45313 | Z1: 45314 | AA1: 45315 | AB1: 45316 | AC1: 45317 | AD1: 45318 | AE1: 45319 | AF1: 45320 | AG1: 45321 | AH1: 45322
A2: NO. | B2: 姓名
A3: 1 | B3: 郭先弘 | C3: =SUM(D3:AH3) -> 0 | D3: 0 | E3: 0 | F3: 0 | G3: 0 | H3: 0 | K3: 0 | L3: 0 | M3: 0 | N3: 0 | O3: 0 | R3: 0 | S3: 0 | T3: 0 | U3: 0 | V3: 0 | Y3: 0 | Z3: 0 | AA3: 0 | AB3: 0 | AC3: 0 | AF3: 0 | AG3: 0 | AH3: 0
A4: 2 | B4: 陳淑芬 | C4: =SUM(D4:AH4) -> 0 | D4: 0 | E4: 0 | F4: 0 | G4: 0 | H4: 0 | K4: 0 | L4: 0 | M4: 0 | N4: 0 | O4: 0 | R4: 0 | S4: 0 | T4: 0 | U4: 0 | V4: 0 | Y4: 0 | Z4: 0 | AA4: 0 | AB4: 0 | AC4: 0 | AF4: 0 | AG4: 0 | AH4: 0
A5: 3 | B5: 林世彬 | C5: =SUM(D5:AH5) -> 18 | D5: 0 | E5: 12 | F5: 2 | G5: 0 | H5: 0 | K5: 0 | L5: 0 | M5: 0 | N5: 0 | O5: 0 | R5: 0 | S5: 0 | T5: 0 | U5: 0 | V5: 0 | Y5: 0 | Z5: 0 | AA5: 0 | AB5: 0 | AC5: 0 | AF5: 4 | AG5: 0 | AH5: 0
A6: 4 | B6: 何彥璋 | C6: =SUM(D6:AH6) -> 6 | D6: 0 | E6: 0 | F6: 0 | G6: 0 | H6: 0 | K6: 0 | L6: 0 | M6: 0 | N6: 6 | O6: 0 | R6: 0 | S6: 0 | T6: 0 | U6: 0 | V6: 0 | Y6: 0 | Z6: 0 | AA6: 0 | AB6: 0 | AC6: 0 | AF6: 0 | AG6: 0 | AH6: 0
A7: 5 | B7: 吳嘉銘 | C7: =SUM(D7:AH7) -> 9 | D7: 0 | E7: 6 | F7: 0 | G7: 0 | H7: 0 | K7: 1 | L7: 1 | M7: 1 | N7: 0 | O7: 0 | R7: 0 | S7: 0 | T7: 0 | U7: 0 | V7: 0 | Y7: 0 | Z7: 0 | AA7: 0 | AB7: 0 | AC7: 0 | AF7: 0 | AG7: 0 | AH7: 0
A8: 6 | B8: 林詠書 | C8: =SUM(D8:AH8) -> 33 | D8: 0 | E8: 2 | F8: 1 | G8: 1 | H8: 1 | K8: 0 | L8: 4 | M8: 1 | N8: 4 | O8: 3 | R8: 4 | S8: 1 | T8: 1 | U8: 1 | V8: 1 | Y8: 1 | Z8: 4 | AA8: 1 | AB8: 1 | AC8: 0 | AF8: 0 | AG8: 0 | AH8: 1
A9: 7 | B9: 謝秉宏 | C9: =SUM(D9:AH9) -> 34 | D9: 0 | E9: 0 | F9: 0 | G9: 0 | H9: 2 | K9: 2 | L9: 6 | M9: 1 | N9: 0 | O9: 0 | R9: 0 | S9: 7 | T9: 6 | U9: 0 | V9: 0 | Y9: 0 | Z9: 0 | AA9: 0 | AB9: 0 | AC9: 0 | AF9: 0 | AG9: 6 | AH9: 4
A10: 8 | B10: 林建宏 | C10: =SUM(D10:AH10) -> 6 | D10: 0 | E10: 0 | F10: 0 | G10: 0 | H10: 0 | K10: 0 | L10: 0 | M10: 0 | N10: 6 | O10: 0 | R10: 0 | S10: 0 | T10: 0 | U10: 0 | V10: 0 | Y10: 0 | Z10: 0 | AA10: 0 | AB10: 0 | AC10: 0 | AF10: 0 | AG10: 0 | AH10: 0
A11: 9 | B11: 蘇景郁 | C11: =SUM(D11:AH11) -> 6 | D11: 0 | E11: 0 | F11: 0 | G11: 0 | H11: 0 | K11: 0 | L11: 0 | M11: 0 | N11: 6 | O11: 0 | R11: 0 | S11: 0 | T11: 0 | U11: 0 | V11: 0 | Y11: 0 | Z11: 0 | AA11: 0 | AB11: 0 | AC11: 0 | AF11: 0 | AG11: 0 | AH11: 0
A12: 10 | B12: 潘其昌 | C12: =SUM(D12:AH12) -> 6 | D12: 0 | E12: 0 | F12: 0 | G12: 0 | H12: 0 | K12: 0 | L12: 0 | M12: 0 | N12: 6 | O12: 0 | R12: 0 | S12: 0 | T12: 0 | U12: 0 | V12: 0 | Y12: 0 | Z12: 0 | AA12: 0 | AB12: 0 | AC12: 0 | AF12: 0 | AG12: 0 | AH12: 0
A13: 11 | B13: 陳俊男 | C13: =SUM(D13:AH13) -> 25 | D13: 0 | E13: 0 | F13: 0 | G13: 0 | H13: 0 | K13: 0 | L13: 0 | M13: 0 | N13: 5 | O13: 0 | R13: 8 | S13: 4 | T13: 0 | U13: 0 | V13: 0 | Y13: 0 | Z13: 8 | AA13: 0 | AB13: 0 | AC13: 0 | AF13: 0 | AG13: 0 | AH13: 0
A14: 12 | B14: 林政宏 | C14: =SUM(D14:AH14) -> 44 | D14: 0 | E14: 6 | F14: 0 | G14: 6 | H14: 0 | K14: 0 | L14: 6 | M14: 0 | N14: 6 | O14: 0 | R14: 6 | S14: 0 | T14: 0 | U14: 0 | V14: 0 | Y14: 0 | Z14: 8 | AA14: 6 | AB14: 0 | AC14: 0 | AF14: 0 | AG14: 0 | AH14: 0
... A16: 14 | B16: 劉益豪 | C16: =SUM(D16:AH16) -> 30 | D16: 0 | E16: 6 | F16: 0 | G16: 6 | H16: 0 | K16: 0 | L16: 0 | M16: 0 | N16: 6 | O16: 0 | R16: 0 | S16: 4 | T16: 0 | U16: 0 | V16: 0 | Y16: 0 | Z16: 8 | AA16: 0 | AB16: 0 | AC16: 0 | AF16: 0 | AG16: 0 | AH16: 0

Sheet TP出勤2月份
A1: TP出勤 | C1: 45323 | D1: 45324 | E1: 45325 | F1: 45326 | G1: 45327 | H1: 45328 | I1: 45329 | J1: 45330 | K1: 45331 | L1: 45332 | M1: 45333 | N1: 45334 | O1: 45335 | P1: 45336 | Q1: 45337 | R1: 45338 | S1: 45339 | T1: 45340 | U1: 45341 | V1: 45342 | W1: 45343 | X1: 45344 | Y1: 45345 | Z1: 45346 | AA1: 45347 | AB1: 45348 | AC1: 45349 | AD1: 45350 | AE1: 45351
A2: NO. | B2: 姓名
A3: 1 | B3: 郭先弘 | C3: 出差 | D3: 出差 | G3: ◎ | H3: ◎ | I3: ◎ | Q3: ✓ | R3: ✓ | S3: ◎ | U3: ✓ | V3: ✓ | W3: ◎ | X3: ✓ | Y3: ✓ | AB3: ✓ | AC3: ✓ | AE3: ◎
A4: 2 | B4: 陳淑芬 | C4: 出差 | D4: 出差 | G4: 出差 | H4: ✓ | I4: ✓ | Q4: ✓ | R4: ✓ | S4: ◎ | U4: 出差 | V4: 出差 | W4: 出差 | X4: 出差 | Y4: 出差 | AB4: 出差 | AC4: 出差 | AE4: 出差
A5: 3 | B5: 林世彬 | C5: ✓ | D5: ✓ | G5: ✓ | H5: ✓ | I5: ✓ | Q5: ✓ | R5: ✓ | S5: ✓ | U5: ✓ | V5: ✓ | W5: ✓ | X5: ✓ | AB5: ✓ | AC5: ✓ | AE5: ✓
A6: 4 | B6: 何彥璋 | C6: 出差 | D6: 出差 | G6: 出差 | H6: ✓ | I6: ◎ | Q6: ◎ | R6: 出差 | S6: 出差 | U6: 出差 | V6: 出差 | W6: 出差 | X6: 出差 | Y6: 出差 | AB6: 出差 | AC6: 出差 | AE6: 出差
A7: 5 | B7: 吳嘉銘 | C7: 出差 | D7: 出差 | G7: 出差 | H7: ✓ | I7: ◎ | Q7: ✓ | R7: 出差 | S7: 出差 | U7: 出差 | V7: 出差 | W7: 出差 | X7: 出差 | Y7: 出差 | AB7: 出差 | AC7: 出差 | AE7: 出差
A8: 6 | B8: 林詠書 | C8: ✓ | D8: ✓ | G8: ✓ | H8: ✓ | I8: ✓ | Q8: ✓ | R8: ✓ | S8: ✓ | U8: ✓ | V8: ◎ | W8: ✓ | X8: ✓ | Y8: ✓ | AB8: ✓ | AC8: ✓ | AE8: ✓
A9: 7 | B9: 謝秉宏 | C9: ✓ | D9: ✓ | G9: ◎ | H9: ✓ | I9: ✓ | Q9: ✓ | R9: ✓ | S9: ✓ | U9: ◎ | V9: ✓ | W9: ✓ | X9: ✓ | Y9: ✓ | AB9: ✓ | AC9: △ | AE9: ✓
A10: 8 | B10: 林建宏 | C10: 出差 | D10: 出差 | G10: 出差 | H10: ◎ | I10: ✓ | Q10: ✓ | R10: ◎ | S10: ◎ | U10: 出差 | V10: 出差 | W10: 出差 | X10: 出差 | Y10: 出差 | AB10: 出差 | AC10: 出差 | AE10: 出差
A11: 9 | B11: 蘇景郁 | C11: 出差 | D11: 出差 | G11: 出差 | H11: ✓ | I11: ◎ | Q11: ✓ | R11: ✓ | S11: ◎ | U11: 出差 | V11: 出差 | W11: 出差 | X11: 出差 | Y11: 出差 | AB11: 出差 | AC11: 出差 | AE11: 出差
A12: 10 | B12: 潘其昌 | C12: 出差 | D12: 出差 | G12: 出差 | H12: ✓ | I12: ✓ | Q12: ✓ | R12: 出差 | S12: 出差 | U12: 出差 | V12: 出差 | W12: 出差 | X12: 出差 | Y12: 出差 | AB12: 出差 | AC12: 出差 | AE12: 出差
A13: 11 | B13: 陳俊男 | C13: 出差 | D13: 出差 | G13: ✓ | H13: ✓ | I13: ◎ | Q13: ✓ | R13: ◎ | S13: ◎ | U13: ◎ | V13: ✓ | W13: ✓ | X13: ✓ | Y13: ◎ | AB13: ✓ | AC13: ✓ | AE13: ✓
A14: 12 | B14: 林政宏 | C14: 出差 | D14: 出差 | G14: 出差 | H14: 出差 | I14: 出差 | Q14: ✓ | R14: ✓ | S14: ◎ | U14: ✓ | V14: ◎ | W14: 出差 | X14: 出差 | Y14: 出差 | AB14: 出差 | AC14: 出差 | AE14: 出差
A15: 13 | B15: 陸長遠 | C15: 出差 | D15: 出差 | G15: 出差 | H15: ◎ | I15: ◎ | Q15: ✓ | R15: ✓ | S15: ◎ | U15: 出差 | V15: 出差 | W15: 出差 | X15: 出差 | Y15: 出差 | AB15: 出差 | AC15: 出差 | AE15: 出差
A16: 14 | B16: 劉益豪 | C16: 出差 | D16: 出差 | G16: ✓ | H16: ✓ | I16: ◎ | Q16: ✓ | R16: ◎ | S16: 出差 | U16: 出差 | V16: 出差 | W16: 出差 | X16: 出差 | Y16: 出差 | AB16: 出差 | AC16: 出差 | AE16: 出差
A17: ✓ | B17: 正常
A18: ◎ | B18: 補休
A19: △ | B19: 遲到

Sheet TP2月份請假
A1: TP請假 | C1: 二月累計 (0.5小時/單位) | D1: 45323 | E1: 45324 | F1: 45325 | G1: 45326 | H1: 45327 | I1: 45328 | J1: 45329 | K1: 45330 | L1: 45331 | M1: 45332 | N1: 45333 | O1: 45334 | P1: 45335 | Q1: 45336 | R1: 45337 | S1: 45338 | T1: 45339 | U1: 45340 | V1: 45341 | W1: 45342 | X1: 45343 | Y1: 45344 | Z1: 45345 | AA1: 45346 | AB1: 45347 | AC1: 45348 | AD1: 45349 | AE1: 45350 | AF1: 45351
A2: NO. | B2: 姓名
A3: 1 | B3: 郭先弘 | C3: =SUM(D3:AF3) -> 0 | D3: 0 | E3: 0 | H3: 0 | I3: 0 | J3: 0 | R3: 0 | S3: 0 | T3: 0 | V3: 0 | W3: 0 | X3: 0 | Y3: 0 | Z3: 0 | AC3: 0 | AD3: 0 | AF3: 0
A4: 2 | B4: 陳淑芬 | C4: =SUM(D4:AF4) -> 23 | D4: 0 | E4: 0 | H4: 0 | I4: 7 | J4: 0 | R4: 0 | S4: 0 | T4: 16 | V4: 0 | W4: 0 | X4: 0 | Y4: 0 | Z4: 0 | AC4: 0 | AD4: 0 | AF4: 0
A5: 3 | B5: 林世彬 | C5: =SUM(D5:AF5) -> 9 | D5: 0 | E5: 0 | H5: 0 | I5: 5 | J5: 0 | R5: 4 | S5: 0 | T5: 0 | V5: 0 | W5: 0 | X5: 0 | Y5: 0 | Z5: 0 | AC5: 0 | AD5: 0 | AF5: 0
A6: 4 | B6: 何彥璋 | C6: =SUM(D6:AF6) -> 40 | D6: 0 | E6: 0 | H6: 0 | I6: 8 | J6: 16 | R6: 16 | S6: 0 | T6: 0 | V6: 0 | W6: 0 | X6: 0 | Y6: 0 | Z6: 0 | AC6: 0 | AD6: 0 | AF6: 0
A7: 5 | B7: 吳嘉銘 | C7: =SUM(D7:AF7) -> 21 | D7: 0 | E7: 0 | H7: 0 | I7: 5 | J7: 16 | R7: 0 | S7: 0 | T7: 0 | V7: 0 | W7: 0 | X7: 0 | Y7: 0 | Z7: 0 | AC7: 0 | AD7: 0 | AF7: 0
A8: 6 | B8: 林詠書 | C8: =SUM(D8:AF8) -> 8 | D8: 0 | E8: 0 | H8: 0 | I8: 8 | J8: 0 | R8: 0 | S8: 0 | T8: 0 | V8: 0 | W8: 0 | X8: 0 | Y8: 0 | Z8: 0 | AC8: 0 | AD8: 0 | AF8: 0
A9: 7 | B9: 謝秉宏 | C9: =SUM(D9:AF9) -> 46 | D9: 0 | E9: 0 | H9: 16 | I9: 0 | J9: 14 | R9: 0 | S9: 0 | T9: 0 | V9: 16 | W9: 0 | X9: 0 | Y9: 0 | Z9: 0 | AC9: 0 | AD9: 0 | AF9: 0
A10: 8 | B10: 林建宏 | C10: =SUM(D10:AF10) -> 56 | D10: 0 | E10: 0 | H10: 0 | I10: 16 | J10: 8 | R10: 0 | S10: 16 | T10: 16 | V10: 0 | W10: 0 | X10: 0 | Y10: 0 | Z10: 0 | AC10: 0 | AD10: 0 | AF10: 0
A11: 9 | B11: 蘇景郁 | C11: =SUM(D11:AF11) -> 32 | D11: 0 | E11: 0 | H11: 0 | I11: 0 | J11: 16 | R11: 0 | S11: 0 | T11: 16 | V11: 0 | W11: 0 | X11: 0 | Y11: 0 | Z11: 0 | AC11: 0 | AD11: 0 | AF11: 0
A12: 10 | B12: 潘其昌 | C12: =SUM(D12:AF12) -> 0 | D12: 0 | E12: 0 | H12: 0 | I12: 0 | J12: 0 | R12: 0 | S12: 0 | T12: 0 | V12: 0 | W12: 0 | X12: 0 | Y12: 0 | Z12: 0 | AC12: 0 | AD12: 0 | AF12: 0
A13: 11 | B13: 陳俊男 | C13: =SUM(D13:AF13) -> 93 | D13: 0 | E13: 0 | H13: 0 | I13: 0 | J13: 16 | R13: 8 | S13: 16 | T13: 16 | V13: 16 | W13: 0 | X13: 0 | Y13: 5 | Z13: 16 | AC13: 0 | AD13: 0 | AF13: 0
A14: 12 | B14: 林政宏 | C14: =SUM(D14:AF14) -> 32 | D14: 0 | E14: 0 | H14: 0 | I14: 0 | J14: 0 | R14: 0 | S14: 0 | T14: 16 | V14: 0 | W14: 16 | X14: 0 | Y14: 0 | Z14: 0 | AC14: 0 | AD14: 0 | AF14: 0
... A16: 14 | B16: 劉益豪 | C16: =SUM(D16:AF16) -> 40 | D16: 0 | E16: 0 | H16: 0 | I16: 8 | J16: 16 | R16: 0 | S16: 16 | T16: 0 | V16: 0 | W16: 0 | X16: 0 | Y16: 0 | Z16: 0 | AC16: 0 | AD16: 0 | AF16: 0

Sheet TP2月份加班
A1: TP加班 | C1: 二月累計 (0.5小時/單位) | D1: 45323 | E1: 45324 | F1: 45325 | G1: 45326 | H1: 45327 | I1: 45328 | J1: 45329 | K1: 45330 | L1: 45331 | M1: 45332 | N1: 45333 | O1: 45334 | P1: 45335 | Q1: 45336 | R1: 45337 | S1: 45338 | T1: 45339 | U1: 45340 | V1: 45341 | W1: 45342 | X1: 45343 | Y1: 45344 | Z1: 45345 | AA1: 45346 | AB1: 45347 | AC1: 45348 | AD1: 45349 | AE1: 45350 | AF1: 45351
A2: NO. | B2: 姓名
A3: 1 | B3: 郭先弘 | C3: =SUM(D3:AF3) -> 0 | D3: 0 | E3: 0 | H3: 0 | I3: 0 | J3: 0 | R3: 0 | S3: 0 | T3: 0 | V3: 0 | W3: 0 | X3: 0 | Y3: 0 | Z3: 0 | AC3: 0 | AD3: 0 | AF3: 0
A4: 2 | B4: 陳淑芬 | C4: =SUM(D4:AF4) -> 0 | D4: 0 | E4: 0 | H4: 0 | I4: 0 | J4: 0 | R4: 0 | S4: 0 | T4: 0 | V4: 0 | W4: 0 | X4: 0 | Y4: 0 | Z4: 0 | AC4: 0 | AD4: 0 | AF4: 0
A5: 3 | B5: 林世彬 | C5: =SUM(D5:AF5) -> 0 | D5: 0 | E5: 0 | H5: 0 | I5: 0 | J5: 0 | R5: 0 | S5: 0 | T5: 0 | V5: 0 | W5: 0 | X5: 0 | Y5: 0 | Z5: 0 | AC5: 0 | AD5: 0 | AF5: 0
A6: 4 | B6: 何彥璋 | C6: =SUM(D6:AF6) -> 0 | D6: 0 | E6: 0 | H6: 0 | I6: 0 | J6: 0 | R6: 0 | S6: 0 | T6: 0 | V6: 0 | W6: 0 | X6: 0 | Y6: 0 | Z6: 0 | AC6: 0 | AD6: 0 | AF6: 0
A7: 5 | B7: 吳嘉銘 | C7: =SUM(D7:AF7) -> 0 | D7: 0 | E7: 0 | H7: 0 | I7: 0 | J7: 0 | R7: 0 | S7: 0 | T7: 0 | V7: 0 | W7: 0 | X7: 0 | Y7: 0 | Z7: 0 | AC7: 0 | AD7: 0 | AF7: 0
A8: 6 | B8: 林詠書 | C8: =SUM(D8:AF8) -> 12 | D8: 1 | E8: 0 | H8: 1 | I8: 0 | J8: 0 | R8: 1 | S8: 1 | T8: 0 | V8: 1 | W8: 0 | X8: 2 | Y8: 1 | Z8: 0 | AC8: 2 | AD8: 1 | AF8: 1
A9: 7 | B9: 謝秉宏 | C9: =SUM(D9:AF9) -> 37 | D9: 6 | E9: 0 | H9: 0 | I9: 0 | J9: 0 | R9: 1 | S9: 6 | T9: 0 | V9: 0 | W9: 6 | X9: 7 | Y9: 1 | Z9: 1 | AC9: 1 | AD9: 1 | AF9: 7
A10: 8 | B10: 林建宏 | C10: =SUM(D10:AF10) -> 0 | D10: 0 | E10: 0 | H10: 0 | I10: 0 | J10: 0 | R10: 0 | S10: 0 | T10: 0 | V10: 0 | W10: 0 | X10: 0 | Y10: 0 | Z10: 0 | AC10: 0 | AD10: 0 | AF10: 0
A11: 9 | B11: 蘇景郁 | C11: =SUM(D11:AF11) -> 1 | D11: 0 | E11: 0 | H11: 0 | I11: 0 | J11: 0 | R11: 1 | S11: 0 | T11: 0 | V11: 0 | W11: 0 | X11: 0 | Y11: 0 | Z11: 0 | AC11: 0 | AD11: 0 | AF11: 0
A12: 10 | B12: 潘其昌 | C12: =SUM(D12:AF12) -> 0 | D12: 0 | E12: 0 | H12: 0 | I12: 0 | J12: 0 | R12: 0 | S12: 0 | T12: 0 | V12: 0 | W12: 0 | X12: 0 | Y12: 0 | Z12: 0 | AC12: 0 | AD12: 0 | AF12: 0
A13: 11 | B13: 陳俊男 | C13: =SUM(D13:AF13) -> 0 | D13: 0 | E13: 0 | H13: 0 | I13: 0 | J13: 0 | R13: 0 | S13: 0 | T13: 0 | V13: 0 | W13: 0 | X13: 0 | Y13: 0 | Z13: 0 | AC13: 0 | AD13: 0 | AF13: 0
A14: 12 | B14: 林政宏 | C14: =SUM(D14:AF14) -> 32 | D14: 0 | E14: 0 | H14: 6 | I14: 0 | J14: 0 | R14: 4 | S14: 6 | T14: 0 | V14: 16 | W14: 0 | X14: 0 | Y14: 0 | Z14: 0 | AC14: 0 | AD14: 0 | AF14: 0
... A16: 14 | B16: 劉益豪 | C16: =SUM(D16:AF16) -> 12 | D16: 0 | E16: 0 | H16: 0 | I16: 0 | J16: 0 | R16: 0 | S16: 0 | T16: 0 | V16: 0 | W16: 0 | X16: 6 | Y16: 0 | Z16: 0 | AC16: 0 | AD16: 6 | AF16: 0

Sheet TP出勤3月份
A1: TP出勤 | C1: 45352 | D1: 45353 | E1: 45354 | F1: 45355 | G1: 45356 | H1: 45357 | I1: 45358 | J1: 45359 | K1: 45360 | L1: 45361 | M1: 45362 | N1: 45363 | O1: 45364 | P1: 45365 | Q1: 45366 | R1: 45367 | S1: 45368 | T1: 45369 | U1: 45370 | V1: 45371 | W1: 45372 | X1: 45373 | Y1: 45374 | Z1: 45375 | AA1: 45376 | AB1: 45377 | AC1: 45378 | AD1: 45379 | AE1: 45380 | AF1: 45381 | AG1: 45382
A2: NO. | B2: 姓名
A3: 1 | B3: 郭先弘 | C3: 出差 | F3: 出差 | G3: 出差 | H3: 出差 | I3: 出差 | J3: 出差 | M3: 出差 | N3: 出差 | O3: 出差 | P3: 出差 | Q3: 出差 | T3: 出差 | U3: 出差 | V3: 出差 | W3: 出差 | X3: 出差 | AA3: 出差 | AB3: 出差 | AC3: 出差 | AD3: 出差 | AE3: 出差
A4: 2 | B4: 陳淑芬 | C4: 出差 | F4: 出差 | G4: 出差 | H4: 出差 | I4: 出差 | J4: 出差 | M4: 出差 | N4: 出差 | O4: ◎ | P4: 出差 | Q4: 出差 | T4: ✓ | U4: ✓ | V4: ✓ | W4: ✓ | AA4: ✓ | AB4: ✓ | AC4: △ | AD4: ✓ | AE4: ✓
A5: 3 | B5: 林世彬 | C5: ✓ | F5: ✓ | G5: ✓ | H5: ✓ | I5: ✓ | J5: ✓ | M5: ✓ | N5: ✓ | O5: ✓ | P5: ✓ | Q5: ✓ | T5: ✓ | U5: ✓ | V5: ✓ | W5: ✓ | X5: ◎ | AA5: ✓ | AB5: ✓ | AC5: ✓ | AD5: ✓ | AE5: ✓
A6: 4 | B6: 何彥璋 | C6: 出差 | F6: 出差 | G6: 出差 | H6: 出差 | I6: 出差 | J6: 出差 | M6: 出差 | N6: 出差 | O6: 出差 | P6: 出差 | Q6: 出差 | T6: 出差 | U6: ✓ | V6: ✓ | W6: ✓ | X6: ◎ | AA6: ✓ | AB6: ✓ | AC6: ✓ | AD6: ◎ | AE6: 出差
A7: 5 | B7: 吳嘉銘 | C7: 出差 | F7: 出差 | G7: 出差 | H7: 出差 | I7: 出差 | J7: 出差 | M7: 出差 | N7: 出差 | O7: 出差 | P7: 出差 | Q7: 出差 | T7: 出差 | U7: 出差 | V7: 出差 | W7: 出差 | X7: 出差 | AA7: 出差 | AB7: 出差 | AC7: 出差 | AD7: 出差 | AE7: 出差
A8: 6 | B8: 林詠書 | C8: ✓ | F8: ✓ | G8: ✓ | H8: ✓ | I8: ✓ | J8: ✓ | M8: ✓ | N8: ✓ | O8: ✓ | P8: ✓ | Q8: ✓ | T8: ✓ | U8: ✓ | V8: ✓ | W8: ✓ | X8: ✓ | AA8: ✓ | AB8: ✓ | AC8: ✓ | AD8: ✓ | AE8: ✓
A9: 7 | B9: 謝秉宏 | C9: ✓ | F9: ◎ | G9: ✓ | H9: ✓ | I9: ✓ | J9: ✓ | M9: ✓ | N9: ✓ | O9: ✓ | P9: ✓ | Q9: ✓ | T9: ✓ | U9: ✓ | V9: ◎ | W9: ✓ | X9: ✓ | AA9: ✓ | AB9: ✓ | AC9: ◎ | AD9: ✓ | AE9: ✓
A10: 8 | B10: 林建宏 | C10: 出差 | F10: 出差 | G10: 出差 | H10: 出差 | I10: 出差 | J10: 出差 | M10: 出差 | N10: 出差 | O10: 出差 | P10: 出差 | Q10: 出差 | T10: 出差 | U10: 出差 | V10: 出差 | W10: 出差 | X10: 出差 | AA10: 出差 | AB10: 出差 | AC10: 出差 | AD10: 出差 | AE10: 出差
A11: 9 | B11: 蘇景郁 | C11: 出差 | F11: 出差 | G11: 出差 | H11: 出差 | I11: 出差 | J11: 出差 | M11: 出差 | N11: 出差 | O11: 出差 | P11: 出差 | Q11: 出差 | T11: 出差 | U11: 出差 | V11: 出差 | W11: 出差 | X11: 出差 | AA11: 出差 | AB11: 出差 | AC11: 出差 | AD11: 出差 | AE11: 出差
A12: 10 | B12: 潘其昌 | C12: 出差 | F12: 出差 | G12: 出差 | H12: 出差 | I12: 出差 | J12: 出差 | M12: 出差 | N12: 出差 | O12: 出差 | P12: 出差 | Q12: 出差 | T12: 出差 | U12: ✓ | V12: ◎ | W12: ✓ | X12: ◎ | AA12: ✓ | AB12: ✓ | AC12: ✓ | AD12: ✓ | AE12: 出差
A13: 11 | B13: 陳俊男 | C13: ✓ | F13: ✓ | G13: ◎ | H13: 出差 | I13: 出差 | J13: 出差 | M13: 出差 | N13: 出差 | O13: 出差 | P13: 出差 | Q13: 出差 | T13: 出差 | U13: 出差 | V13: 出差 | W13: 出差 | X13: 出差 | AA13: 出差 | AB13: 出差 | AC13: 出差 | AD13: 出差 | AE13: 出差
A14: 12 | B14: 林政宏 | C14: 出差 | F14: 出差 | G14: 出差 | H14: 出差 | I14: 出差 | J14: 出差 | M14: ◎ | N14: ◎ | O14: ✓ | P14: ✓ | Q14: ✓ | T14: ✓ | U14: ✓ | V14: 出差 | W14: ✓ | X14: ✓ | AA14: 出差 | AB14: 出差 | AC14: 出差 | AD14: 出差 | AE14: 出差
A15: 13 | B15: 陸長遠 | C15: 出差 | F15: 出差 | G15: 出差 | H15: 出差 | I15: 出差 | J15: 出差 | M15: 出差 | N15: 出差 | O15: 出差 | P15: 出差 | Q15: 出差 | T15: 出差 | U15: ✓ | V15: ✓ | W15: ✓ | X15: ✓ | AA15: ✓ | AB15: ✓ | AC15: ✓ | AD15: ✓ | AE15: ✓
A16: 14 | B16: 劉益豪 | C16: 出差 | F16: 出差 | G16: 出差 | H16: 出差 | I16: 出差 | J16: 出差 | M16: 出差 | N16: 出差 | O16: 出差 | P16: 出差 | Q16: 出差 | T16: 出差 | U16: 出差 | V16: 出差 | W16: 出差 | X16: 出差 | AA16: 出差 | AB16: 出差 | AC16: 出差 | AD16: 出差 | AE16: 出差
A17: ✓ | B17: 正常
A18: ◎ | B18: 補休
A19: △ | B19: 遲到

Sheet TP3月份請假
A1: TP請假 | C1: 三月累計 (0.5小時/單位) | D1: 45352 | E1: 45353 | F1: 45354 | G1: 45355 | H1: 45356 | I1: 45357 | J1: 45358 | K1: 45359 | L1: 45360 | M1: 45361 | N1: 45362 | O1: 45363 | P1: 45364 | Q1: 45365 | R1: 45366 | S1: 45367 | T1: 45368 | U1: 45369 | V1: 45370 | W1: 45371 | X1: 45372 | Y1: 45373 | Z1: 45374 | AA1: 45375 | AB1: 45376 | AC1: 45377 | AD1: 45378 | AE1: 45379 | AF1: 45380 | AG1: 45381 | AH1: 45382
A2: NO. | B2: 姓名
A3: 1 | B3: 郭先弘 | C3: =SUM(D3:AH3) -> 0 | D3: 0 | G3: 0 | H3: 0 | I3: 0 | J3: 0 | K3: 0 | N3: 0 | O3: 0 | P3: 0 | Q3: 0 | R3: 0 | U3: 0 | V3: 0 | W3: 0 | X3: 0 | Y3: 0 | AB3: 0 | AC3: 0 | AD3: 0 | AE3: 0 | AF3: 0
A4: 2 | B4: 陳淑芬 | C4: =SUM(D4:AH4) -> 17 | D4: 0 | G4: 0 | H4: 0 | I4: 0 | J4: 0 | K4: 0 | N4: 0 | O4: 0 | P4: 16 | Q4: 0 | R4: 0 | U4: 0 | V4: 0 | W4: 0 | X4: 0 | Y4: 0 | AB4: 0 | AC4: 0 | AD4: 1 | AE4: 0 | AF4: 0
A5: 3 | B5: 林世彬 | C5: =SUM(D5:AH5) -> 38 | D5: 0 | G5: 0 | H5: 0 | I5: 0 | J5: 0 | K5: 0 | N5: 4 | O5: 2 | P5: 0 | Q5: 4 | R5: 0 | U5: 0 | V5: 0 | W5: 3 | X5: 5 | Y5: 16 | AB5: 0 | AC5: 0 | AD5: 0 | AE5: 4 | AF5: 0
A6: 4 | B6: 何彥璋 | C6: =SUM(D6:AH6) -> 32 | D6: 0 | G6: 0 | H6: 0 | I6: 0 | J6: 0 | K6: 0 | N6: 0 | O6: 0 | P6: 0 | Q6: 0 | R6: 0 | U6: 0 | V6: 0 | W6: 0 | X6: 0 | Y6: 16 | AB6: 0 | AC6: 0 | AD6: 0 | AE6: 16 | AF6: 0
A7: 5 | B7: 吳嘉銘 | C7: =SUM(D7:AH7) -> 0 | D7: 0 | G7: 0 | H7: 0 | I7: 0 | J7: 0 | K7: 0 | N7: 0 | O7: 0 | P7: 0 | Q7: 0 | R7: 0 | U7: 0 | V7: 0 | W7: 0 | X7: 0 | Y7: 0 | AB7: 0 | AC7: 0 | AD7: 0 | AE7: 0 | AF7: 0
A8: 6 | B8: 林詠書 | C8: =SUM(D8:AH8) -> 4 | D8: 0 | G8: 0 | H8: 0 | I8: 0 | J8: 0 | K8: 0 | N8: 0 | O8: 0 | P8: 0 | Q8: 0 | R8: 0 | U8: 0 | V8: 0 | W8: 0 | X8: 0 | Y8: 0 | AB8: 0 | AC8: 0 | AD8: 0 | AE8: 4 | AF8: 0
A9: 7 | B9: 謝秉宏 | C9: =SUM(D9:AH9) -> 58 | D9: 0 | G9: 16 | H9: 0 | I9: 0 | J9: 0 | K9: 0 | N9: 0 | O9: 0 | P9: 0 | Q9: 0 | R9: 0 | U9: 8 | V9: 0 | W9: 16 | X9: 0 | Y9: 2 | AB9: 0 | AC9: 0 | AD9: 16 | AE9: 0 | AF9: 0
A10: 8 | B10: 林建宏 | C10: =SUM(D10:AH10) -> 0 | D10: 0 | G10: 0 | H10: 0 | I10: 0 | J10: 0 | K10: 0 | N10: 0 | O10: 0 | P10: 0 | Q10: 0 | R10: 0 | U10: 0 | V10: 0 | W10: 0 | X10: 0 | Y10: 0 | AB10: 0 | AC10: 0 | AD10: 0 | AE10: 0 | AF10: 0
A11: 9 | B11: 蘇景郁 | C11: =SUM(D11:AH11) -> 0 | D11: 0 | G11: 0 | H11: 0 | I11: 0 | J11: 0 | K11: 0 | N11: 0 | O11: 0 | P11: 0 | Q11: 0 | R11: 0 | U11: 0 | V11: 0 | W11: 0 | X11: 0 | Y11: 0 | AB11: 0 | AC11: 0 | AD11: 0 | AE11: 0 | AF11: 0
A12: 10 | B12: 潘其昌 | C12: =SUM(D12:AH12) -> 32 | D12: 0 | G12: 0 | H12: 0 | I12: 0 | J12: 0 | K12: 0 | N12: 0 | O12: 0 | P12: 0 | Q12: 0 | R12: 0 | U12: 0 | V12: 0 | W12: 16 | X12: 0 | Y12: 16 | AB12: 0 | AC12: 0 | AD12: 0 | AE12: 0 | AF12: 0
A13: 11 | B13: 陳俊男 | C13: =SUM(D13:AH13) -> 16 | D13: 0 | G13: 0 | H13: 16 | I13: 0 | J13: 0 | K13: 0 | N13: 0 | O13: 0 | P13: 0 | Q13: 0 | R13: 0 | U13: 0 | V13: 0 | W13: 0 | X13: 0 | Y13: 0 | AB13: 0 | AC13: 0 | AD13: 0 | AE13: 0 | AF13: 0
A14: 12 | B14: 林政宏 | C14: =SUM(D14:AH14) -> 22 | D14: 0 | G14: 0 | H14: 6 | I14: 0 | J14: 0 | K14: 0 | N14: 16 | O14: 0 | P14: 0 | Q14: 0 | R14: 0 | U14: 0 | V14: 0 | W14: 0 | X14: 0 | Y14: 0 | AB14: 0 | AC14: 0 | AD14: 0 | AE14: 0 | AF14: 0
... A16: 14 | B16: 劉益豪 | C16: =SUM(D16:AH16) -> 0 | D16: 0 | G16: 0 | H16: 0 | I16: 0 | J16: 0 | K16: 0 | N16: 0 | O16: 0 | P16: 0 | Q16: 0 | R16: 0 | U16: 0 | V16: 0 | W16: 0 | X16: 0 | Y16: 0 | AB16: 0 | AC16: 0 | AD16: 0 | AE16: 0 | AF16: 0

Sheet TP3月份加班
A1: TP加班 | C1: 三月累計 (0.5小時/單位) | D1: 45352 | E1: 45353 | F1: 45354 | G1: 45355 | H1: 45356 | I1: 45357 | J1: 45358 | K1: 45359 | L1: 45360 | M1: 45361 | N1: 45362 | O1: 45363 | P1: 45364 | Q1: 45365 | R1: 45366 | S1: 45367 | T1: 45368 | U1: 45369 | V1: 45370 | W1: 45371 | X1: 45372 | Y1: 45373 | Z1: 45374 | AA1: 45375 | AB1: 45376 | AC1: 45377 | AD1: 45378 | AE1: 45379 | AF1: 45380 | AG1: 45381 | AH1: 45382
A2: NO. | B2: 姓名
A3: 1 | B3: 郭先弘 | C3: =SUM(D3:AH3) -> 0 | D3: 0 | G3: 0 | H3: 0 | I3: 0 | J3: 0 | K3: 0 | N3: 0 | O3: 0 | P3: 0 | Q3: 0 | R3: 0 | U3: 0 | V3: 0 | W3: 0 | X3: 0 | Y3: 0 | AB3: 0 | AC3: 0 | AD3: 0 | AE3: 0 | AF3: 0
A4: 2 | B4: 陳淑芬 | C4: =SUM(D4:AH4) -> 8 | D4: 0 | G4: 0 | H4: 0 | I4: 0 | J4: 0 | K4: 0 | N4: 0 | O4: 0 | P4: 0 | Q4: 0 | R4: 0 | U4: 0 | V4: 0 | W4: 0 | X4: 0 | Y4: 0 | AB4: 0 | AC4: 0 | AD4: 0 | AE4: 8 | AF4: 0
A5: 3 | B5: 林世彬 | C5: =SUM(D5:AH5) -> 13 | D5: 0 | G5: 0 | H5: 0 | I5: 0 | J5: 0 | K5: 0 | N5: 0 | O5: 2 | P5: 2 | Q5: 2 | R5: 0 | U5: 0 | V5: 1 | W5: 0 | X5: 0 | Y5: 0 | AB5: 2 | AC5: 1 | AD5: 1 | AE5: 1 | AF5: 1
A6: 4 | B6: 何彥璋 | C6: =SUM(D6:AH6) -> 23 | D6: 0 | G6: 0 | H6: 0 | I6: 0 | J6: 0 | K6: 0 | N6: 0 | O6: 0 | P6: 0 | Q6: 0 | R6: 0 | S6: 16 | U6: 0 | V6: 2 | W6: 1 | X6: 0 | Y6: 0 | AB6: 2 | AC6: 0 | AD6: 2 | AE6: 0 | AF6: 0
A7: 5 | B7: 吳嘉銘 | C7: =SUM(D7:AH7) -> 16 | D7: 0 | G7: 0 | H7: 0 | I7: 0 | J7: 0 | K7: 0 | N7: 0 | O7: 0 | P7: 0 | Q7: 0 | R7: 0 | S7: 16 | U7: 0 | V7: 0 | W7: 0 | X7: 0 | Y7: 0 | AB7: 0 | AC7: 0 | AD7: 0 | AE7: 0 | AF7: 0
A8: 6 | B8: 林詠書 | C8: =SUM(D8:AH8) -> 38 | D8: 0 | G8: 2 | H8: 4 | I8: 3 | J8: 2 | K8: 1 | N8: 2 | O8: 2 | P8: 2 | Q8: 2 | R8: 1 | U8: 2 | V8: 3 | W8: 1 | X8: 1 | Y8: 2 | AB8: 2 | AC8: 2 | AD8: 2 | AE8: 0 | AF8: 2
A9: 7 | B9: 謝秉宏 | C9: =SUM(D9:AH9) -> 47 | D9: 1 | G9: 0 | H9: 0 | I9: 0 | J9: 6 | K9: 1 | N9: 1 | O9: 6 | P9: 4 | Q9: 7 | R9: 0 | U9: 0 | V9: 6 | W9: 0 | X9: 7 | Y9: 0 | AB9: 0 | AC9: 1 | AD9: 0 | AE9: 7 | AF9: 0
A10: 8 | B10: 林建宏 | C10: =SUM(D10:AH10) -> 0 | D10: 0 | G10: 0 | H10: 0 | I10: 0 | J10: 0 | K10: 0 | N10: 0 | O10: 0 | P10: 0 | Q10: 0 | R10: 0 | U10: 0 | V10: 0 | W10: 0 | X10: 0 | Y10: 0 | AB10: 0 | AC10: 0 | AD10: 0 | AE10: 0 | AF10: 0
A11: 9 | B11: 蘇景郁 | C11: =SUM(D11:AH11) -> 16 | D11: 0 | G11: 0 | H11: 0 | I11: 0 | J11: 0 | K11: 0 | N11: 0 | O11: 0 | P11: 0 | Q11: 0 | R11: 0 | S11: 16 | U11: 0 | V11: 0 | W11: 0 | X11: 0 | Y11: 0 | AB11: 0 | AC11: 0 | AD11: 0 | AE11: 0 | AF11: 0
A12: 10 | B12: 潘其昌 | C12: =SUM(D12:AH12) -> 16 | D12: 0 | G12: 0 | H12: 0 | I12: 0 | J12: 0 | K12: 0 | N12: 0 | O12: 0 | P12: 0 | Q12: 0 | R12: 0 | S12: 16 | U12: 0 | V12: 0 | W12: 0 | X12: 0 | Y12: 0 | AB12: 0 | AC12: 0 | AD12: 0 | AE12: 0 | AF12: 0
A13: 11 | B13: 陳俊男 | C13: =SUM(D13:AH13) -> 0 | D13: 0 | G13: 0 | H13: 0 | I13: 0 | J13: 0 | K13: 0 | N13: 0 | O13: 0 | P13: 0 | Q13: 0 | R13: 0 | U13: 0 | V13: 0 | W13: 0 | X13: 0 | Y13: 0 | AB13: 0 | AC13: 0 | AD13: 0 | AE13: 0 | AF13: 0
A14: 12 | B14: 林政宏 | C14: =SUM(D14:AH14) -> 33 | D14: 0 | G14: 0 | H14: 0 | I14: 0 | J14: 0 | K14: 0 | N14: 0 | O14: 0 | P14: 0 | Q14: 0 | R14: 0 | S14: 16 | U14: 0 | V14: 0 | W14: 0 | X14: 6 | Y14: 5 | AB14: 0 | AC14: 0 | AD14: 6 | AE14: 0 | AF14: 0
A15: 13 | B15: 陸長遠 | C15: =SUM(D15:AH15) -> 31 | D15: 2 | G15: 0 | H15: 0 | I15: 0 | J15: 0 | K15: 0 | N15: 0 | O15: 0 | P15: 0 | Q15: 0 | R15: 0 | S15: 16 | U15: 0 | V15: 0 | W15: 0 | X15: 0 | Y15: 0 | AB15: 0 | AC15: 0 | AD15: 0 | AE15: 4 | AF15: 4 | AG15: 5
A16: 14 | B16: 劉益豪 | C16: =SUM(D16:AH16) -> 34 | D16: 0 | G16: 0 | H16: 0 | I16: 0 | J16: 7 | K16: 0 | N16: 0 | O16: 0 | P16: 0 | Q16: 0 | R16: 0 | S16: 16 | U16: 0 | V16: 0 | W16: 0 | X16: 0 | Y16: 0 | AB16: 0 | AC16: 0 | AD16: 0 | AE16: 0 | AF16: 11

Sheet TP出勤4月份
A1: TP出勤 | C1: 45383 | D1: 45384 | E1: 45385 | F1: 45386 | G1: 45387 | H1: 45388 | I1: 45389 | J1: 45390 | K1: 45391 | L1: 45392 | M1: 45393 | N1: 45394 | O1: 45395 | P1: 45396 | Q1: 45397 | R1: 45398 | S1: 45399 | T1: 45400 | U1: 45401 | V1: 45402 | W1: 45403 | X1: 45404 | Y1: 45405 | Z1: 45406 | AA1: 45407 | AB1: 45408 | AC1: 45409 | AD1: 45410 | AE1: 45411 | AF1: 45412
A2: NO. | B2: 姓名
A3: 1 | B3: 郭先弘 | C3: ✓ | D3: ✓ | E3: ✓ | J3: ✓ | K3: ✓ | L3: ✓ | M3: ✓ | N3: ✓ | Q3: ✓ | R3: ✓ | S3: ✓ | T3: ✓ | U3: ✓ | X3: ✓ | Y3: ✓ | Z3: ✓ | AA3: ✓ | AB3: 出差 | AE3: 出差 | AF3: 出差
A4: 2 | B4: 陳淑芬 | C4: ✓ | D4: ✓ | E4: ✓ | J4: 出差 | K4: 出差 | L4: 出差 | M4: 出差 | N4: 出差 | Q4: 出差 | R4: 出差 | S4: 出差 | T4: 出差 | U4: 出差 | X4: 出差 | Y4: 出差 | Z4: 出差 | AA4: 出差 | AB4: 出差 | AE4: 出差 | AF4: 出差
A5: 3 | B5: 林世彬 | C5: ✓ | D5: ◎ | E5: ✓ | J5: ✓ | K5: ✓ | L5: ✓ | M5: ✓ | N5: ✓ | Q5: ✓ | R5: ✓ | S5: ✓ | T5: ✓ | U5: ✓ | X5: ✓ | Y5: ◎ | Z5: ✓ | AA5: 外出 | AB5: 外出 | AE5: ✓ | AF5: ✓
A6: 4 | B6: 何彥璋 | C6: 出差 | D6: 出差 | E6: 出差 | J6: 出差 | K6: 出差 | L6: 出差 | M6: 出差 | N6: 出差 | Q6: 出差 | R6: 出差 | S6: 出差 | T6: 出差 | U6: 出差 | X6: 出差 | Y6: 出差 | Z6: 出差 | AA6: 出差 | AB6: 出差 | AE6: 出差 | AF6: 出差
A7: 5 | B7: 吳嘉銘 | C7: 出差 | D7: ◎ | E7: ✓ | J7: ✓ | K7: ✓ | L7: ✓ | M7: 出差 | N7: 出差 | Q7: 出差 | R7: 出差 | S7: 出差 | T7: 出差 | U7: 出差 | X7: 出差 | Y7: 出差 | Z7: 出差 | AA7: 出差 | AB7: 出差 | AE7: 出差 | AF7: 出差
A8: 6 | B8: 林詠書 | C8: ✓ | D8: ✓ | E8: ✓ | J8: ✓ | K8: ✓ | L8: ✓ | M8: ✓ | N8: ✓ | Q8: ✓ | R8: ✓ | S8: ✓ | T8: ✓ | U8: ✓ | X8: ✓ | Y8: ✓ | Z8: ✓ | AA8: ✓ | AB8: ✓ | AE8: 陪產 | AF8: 陪產
A9: 7 | B9: 謝秉宏 | C9: ✓ | D9: ✓ | E9: ✓ | J9: △ | K9: ✓ | L9: ✓ | M9: ✓ | N9: ✓ | Q9: ✓ | R9: ✓ | S9: ✓ | T9: ✓ | U9: ✓ | X9: ✓ | Y9: ✓ | Z9: ✓ | AA9: ✓ | AB9: ✓ | AE9: ✓ | AF9: ✓
A10: 8 | B10: 林建宏 | C10: ✓ | D10: 補休 | E10: ✓ | J10: ✓ | K10: 特休 | L10: 出差 | M10: 出差 | N10: 出差 | Q10: 出差 | R10: 出差 | S10: 出差 | T10: 出差 | U10: 出差 | X10: 出差 | Y10: 出差 | Z10: 出差 | AA10: 出差 | AB10: 出差 | AE10: 出差 | AF10: 出差
A11: 9 | B11: 蘇景郁 | C11: 出差 | D11: ◎ | E11: ✓ | J11: ✓ | K11: ✓ | L11: ✓ | M11: 出差 | N11: 出差 | Q11: 出差 | R11: 出差 | S11: 出差 | T11: 出差 | U11: 出差 | X11: 出差 | Y11: 出差 | Z11: 出差 | AA11: 出差 | AB11: 出差 | AE11: 出差 | AF11: 出差
A12: 10 | B12: 潘其昌 | C12: 出差 | D12: 出差 | E12: 出差 | J12: 出差 | K12: 出差 | L12: 出差 | M12: 出差 | N12: 出差 | Q12: 出差 | R12: 出差 | S12: 出差 | T12: 出差 | U12: 出差 | X12: 出差 | Y12: 出差 | Z12: 出差 | AA12: 出差 | AB12: 出差 | AE12: 出差 | AF12: 出差
A13: 11 | B13: 陳俊男 | C13: 出差 | D13: 出差 | E13: 出差 | J13: ✓ | K13: ✓ | L13: ✓ | M13: ◎ | N13: 出差 | Q13: 出差 | R13: 出差 | S13: 出差 | T13: 出差 | U13: 出差 | X13: 出差 | Y13: 出差 | Z13: 出差 | AA13: 出差 | AB13: 出差 | AE13: 出差 | AF13: 出差
A14: 12 | B14: 林政宏 | C14: 出差 | D14: 出差 | E14: 出差 | J14: 出差 | K14: 出差 | L14: 出差 | M14: 出差 | N14: 出差 | Q14: 出差 | R14: ✓ | S14: ✓ | T14: ◎ | U14: 出差 | X14: 出差 | Y14: 出差 | Z14: 出差 | AA14: 出差 | AB14: 出差 | AE14: 出差 | AF14: 出差
... A16: 14 | B16: 劉益豪 | C16: 出差 | D16: 出差 | E16: 出差 | J16: 出差 | K16: 出差 | L16: 出差 | M16: 出差 | N16: 出差 | Q16: 出差 | R16: 出差 | S16: 出差 | T16: ◎ | U16: ◎ | X16: ✓ | Y16: ✓ | Z16: ✓ | AA16: ✓ | AB16: ✓ | AE16: ◎ | AF16: 補休
A17: ✓ | B17: 正常
A18: ◎ | B18: 補休
A19: △ | B19: 遲到

Sheet TP4月份請假
A1: TP請假 | C1: 四月累計 (0.5小時/單位) | D1: 45383 | E1: 45384 | F1: 45385 | G1: 45386 | H1: 45387 | I1: 45388 | J1: 45389 | K1: 45390 | L1: 45391 | M1: 45392 | N1: 45393 | O1: 45394 | P1: 45395 | Q1: 45396 | R1: 45397 | S1: 45398 | T1: 45399 | U1: 45400 | V1: 45401 | W1: 45402 | X1: 45403 | Y1: 45404 | Z1: 45405 | AA1: 45406 | AB1: 45407 | AC1: 45408 | AD1: 45409 | AE1: 45410 | AF1: 45411 | AG1: 45412
A2: NO. | B2: 姓名
A3: 1 | B3: 郭先弘 | C3: =SUM(D3:AG3) -> 0 | D3: 0 | E3: 0 | F3: 0 | K3: 0 | L3: 0 | M3: 0 | N3: 0 | O3: 0 | R3: 0 | S3: 0 | T3: 0 | U3: 0 | V3: 0 | Y3: 0 | Z3: 0 | AA3: 0 | AB3: 0 | AC3: 0 | AF3: 0 | AG3: 0
A4: 2 | B4: 陳淑芬 | C4: =SUM(D4:AG4) -> 8 | D4: 8 | E4: 0 | F4: 0 | K4: 0 | L4: 0 | M4: 0 | N4: 0 | O4: 0 | R4: 0 | S4: 0 | T4: 0 | U4: 0 | V4: 0 | Y4: 0 | Z4: 0 | AA4: 0 | AB4: 0 | AC4: 0 | AF4: 0 | AG4: 0
A5: 3 | B5: 林世彬 | C5: =SUM(D5:AG5) -> 32 | D5: 0 | E5: 16 | F5: 8 | K5: 4 | L5: 0 | M5: 0 | N5: 0 | O5: 0 | R5: 0 | S5: 0 | T5: 0 | U5: 0 | V5: 0 | Y5: 0 | Z5: 4 | AA5: 0 | AB5: 0 | AC5: 0 | AF5: 0 | AG5: 0
A6: 4 | B6: 何彥璋 | C6: =SUM(D6:AG6) -> 0 | D6: 0 | E6: 0 | F6: 0 | K6: 0 | L6: 0 | M6: 0 | N6: 0 | O6: 0 | R6: 0 | S6: 0 | T6: 0 | U6: 0 | V6: 0 | Y6: 0 | Z6: 0 | AA6: 0 | AB6: 0 | AC6: 0 | AF6: 0 | AG6: 0
A7: 5 | B7: 吳嘉銘 | C7: =SUM(D7:AG7) -> 32 | D7: 0 | E7: 16 | F7: 0 | K7: 0 | L7: 0 | M7: 0 | N7: 16 | O7: 0 | R7: 0 | S7: 0 | T7: 0 | U7: 0 | V7: 0 | Y7: 0 | Z7: 0 | AA7: 0 | AB7: 0 | AC7: 0 | AF7: 0 | AG7: 0
A8: 6 | B8: 林詠書 | C8: =SUM(D8:AG8) -> 0 | D8: 0 | E8: 0 | F8: 0 | K8: 0 | L8: 0 | M8: 0 | N8: 0 | O8: 0 | R8: 0 | S8: 0 | T8: 0 | U8: 0 | V8: 0 | Y8: 0 | Z8: 0 | AA8: 0 | AB8: 0 | AC8: 0 | AF8: 0 | AG8: 0
A9: 7 | B9: 謝秉宏 | C9: =SUM(D9:AG9) -> 5 | D9: 0 | E9: 3 | F9: 0 | K9: 0 | L9: 0 | M9: 0 | N9: 0 | O9: 0 | R9: 0 | S9: 0 | T9: 0 | U9: 0 | V9: 0 | Y9: 0 | Z9: 0 | AA9: 0 | AB9: 0 | AC9: 2 | AF9: 0 | AG9: 0
A10: 8 | B10: 林建宏 | C10: =SUM(D10:AG10) -> 0 | D10: 0 | E10: 0 | F10: 0 | K10: 0 | L10: 0 | M10: 0 | N10: 0 | O10: 0 | R10: 0 | S10: 0 | T10: 0 | U10: 0 | V10: 0 | Y10: 0 | Z10: 0 | AA10: 0 | AB10: 0 | AC10: 0 | AF10: 0 | AG10: 0
A11: 9 | B11: 蘇景郁 | C11: =SUM(D11:AG11) -> 39 | D11: 0 | E11: 16 | F11: 0 | K11: 0 | L11: 7 | M11: 0 | N11: 16 | O11: 0 | R11: 0 | S11: 0 | T11: 0 | U11: 0 | V11: 0 | Y11: 0 | Z11: 0 | AA11: 0 | AB11: 0 | AC11: 0 | AF11: 0 | AG11: 0
A12: 10 | B12: 潘其昌 | C12: =SUM(D12:AG12) -> 0 | D12: 0 | E12: 0 | F12: 0 | K12: 0 | L12: 0 | M12: 0 | N12: 0 | O12: 0 | R12: 0 | S12: 0 | T12: 0 | U12: 0 | V12: 0 | Y12: 0 | Z12: 0 | AA12: 0 | AB12: 0 | AC12: 0 | AF12: 0 | AG12: 0
A13: 11 | B13: 陳俊男 | C13: =SUM(D13:AG13) -> 22 | D13: 0 | E13: 0 | F13: 0 | K13: 4 | L13: 0 | M13: 0 | N13: 2 | O13: 16 | R13: 0 | S13: 0 | T13: 0 | U13: 0 | V13: 0 | Y13: 0 | Z13: 0 | AA13: 0 | AB13: 0 | AC13: 0 | AF13: 0 | AG13: 0
A14: 12 | B14: 林政宏 | C14: =SUM(D14:AG14) -> 16 | D14: 0 | E14: 0 | F14: 0 | K14: 0 | L14: 0 | M14: 0 | N14: 0 | O14: 0 | R14: 0 | S14: 0 | T14: 0 | U14: 16 | V14: 0 | Y14: 0 | Z14: 0 | AA14: 0 | AB14: 0 | AC14: 0 | AF14: 0 | AG14: 0
... A16: 14 | B16: 劉益豪 | C16: =SUM(D16:AG16) -> 33 | D16: 0 | E16: 0 | F16: 0 | K16: 0 | L16: 0 | M16: 0 | N16: 0 | O16: 0 | R16: 0 | S16: 0 | T16: 0 | U16: 1 | V16: 16 | Y16: 0 | Z16: 0 | AA16: 0 | AB16: 0 | AC16: 0 | AF16: 16 | AG16: 0

Sheet TP4月份加班
A1: TP加班 | C1: 四月累計 (0.5小時/單位) | D1: 45383 | E1: 45384 | F1: 45385 | G1: 45386 | H1: 45387 | I1: 45388 | J1: 45389 | K1: 45390 | L1: 45391 | M1: 45392 | N1: 45393 | O1: 45394 | P1: 45395 | Q1: 45396 | R1: 45397 | S1: 45398 | T1: 45399 | U1: 45400 | V1: 45401 | W1: 45402 | X1: 45403 | Y1: 45404 | Z1: 45405 | AA1: 45406 | AB1: 45407 | AC1: 45408 | AD1: 45409 | AE1: 45410 | AF1: 45411 | AG1: 45412
A2: NO. | B2: 姓名
A3: 1 | B3: 郭先弘 | C3: =SUM(D3:AG3) -> 0 | D3: 0 | E3: 0 | F3: 0 | K3: 0 | L3: 0 | M3: 0 | N3: 0 | O3: 0 | R3: 0 | S3: 0 | T3: 0 | U3: 0 | V3: 0 | Y3: 0 | Z3: 0 | AA3: 0 | AB3: 0 | AC3: 0 | AF3: 0 | AG3: 0
A4: 2 | B4: 陳淑芬 | C4: =SUM(D4:AG4) -> 5 | D4: 0 | E4: 0 | F4: 0 | K4: 0 | L4: 0 | M4: 0 | N4: 0 | O4: 0 | R4: 0 | S4: 0 | T4: 0 | U4: 5 | V4: 0 | Y4: 0 | Z4: 0 | AA4: 0 | AB4: 0 | AC4: 0 | AF4: 0 | AG4: 0
A5: 3 | B5: 林世彬 | C5: =SUM(D5:AG5) -> 0 | D5: 0 | E5: 0 | F5: 0 | K5: 0 | L5: 0 | M5: 0 | N5: 0 | O5: 0 | R5: 0 | S5: 0 | T5: 0 | U5: 0 | V5: 0 | Y5: 0 | Z5: 0 | AA5: 0 | AB5: 0 | AC5: 0 | AF5: 0 | AG5: 0
A6: 4 | B6: 何彥璋 | C6: =SUM(D6:AG6) -> 11 | D6: 0 | E6: 0 | F6: 0 | K6: 0 | L6: 0 | M6: 0 | N6: 6 | O6: 0 | R6: 0 | S6: 0 | T6: 0 | U6: 5 | V6: 0 | Y6: 0 | Z6: 0 | AA6: 0 | AB6: 0 | AC6: 0 | AF6: 0 | AG6: 0
A7: 5 | B7: 吳嘉銘 | C7: =SUM(D7:AG7) -> 5 | D7: 0 | E7: 0 | F7: 0 | K7: 0 | L7: 0 | M7: 0 | N7: 0 | O7: 0 | R7: 0 | S7: 0 | T7: 0 | U7: 5 | V7: 0 | Y7: 0 | Z7: 0 | AA7: 0 | AB7: 0 | AC7: 0 | AF7: 0 | AG7: 0
A8: 6 | B8: 林詠書 | C8: =SUM(D8:AG8) -> 19 | D8: 1 | E8: 2 | F8: 1 | K8: 2 | L8: 3 | M8: 1 | N8: 0 | O8: 1 | R8: 1 | S8: 1 | T8: 0 | U8: 2 | V8: 0 | Y8: 0 | Z8: 1 | AA8: 1 | AB8: 1 | AC8: 1 | AF8: 0 | AG8: 0
A9: 7 | B9: 謝秉宏 | C9: =SUM(D9:AG9) -> 23 | D9: 1 | E9: 0 | F9: 0 | K9: 1 | L9: 0 | M9: 0 | N9: 1 | O9: 1 | R9: 1 | S9: 1 | T9: 1 | U9: 1 | V9: 0 | Y9: 2 | Z9: 7 | AA9: 0 | AB9: 6 | AC9: 0 | AF9: 0 | AG9: 0
A10: 8 | B10: 林建宏 | C10: =SUM(D10:AG10) -> 11 | D10: 0 | E10: 0 | F10: 0 | K10: 0 | L10: 0 | M10: 0 | N10: 6 | O10: 0 | R10: 0 | S10: 0 | T10: 0 | U10: 5 | V10: 0 | Y10: 0 | Z10: 0 | AA10: 0 | AB10: 0 | AC10: 0 | AF10: 0 | AG10: 0
A11: 9 | B11: 蘇景郁 | C11: =SUM(D11:AG11) -> 8 | D11: 0 | E11: 0 | F11: 0 | K11: 1 | L11: 2 | M11: 0 | N11: 0 | O11: 0 | R11: 0 | S11: 0 | T11: 0 | U11: 5 | V11: 0 | Y11: 0 | Z11: 0 | AA11: 0 | AB11: 0 | AC11: 0 | AF11: 0 | AG11: 0
A12: 10 | B12: 潘其昌 | C12: =SUM(D12:AG12) -> 22 | D12: 0 | E12: 0 | F12: 0 | K12: 0 | L12: 0 | M12: 0 | N12: 6 | O12: 0 | R12: 0 | S12: 0 | T12: 0 | U12: 0 | V12: 0 | W12: 16 | Y12: 0 | Z12: 0 | AA12: 0 | AB12: 0 | AC12: 0 | AF12: 0 | AG12: 0
A13: 11 | B13: 陳俊男 | C13: =SUM(D13:AG13) -> 60 | D13: 0 | E13: 0 | F13: 0 | K13: 0 | L13: 5 | M13: 0 | N13: 0 | O13: 0 | R13: 0 | S13: 8 | T13: 9 | U13: 10 | V13: 8 | Y13: 0 | Z13: 0 | AA13: 0 | AB13: 8 | AC13: 6 | AF13: 6 | AG13: 0
A14: 12 | B14: 林政宏 | C14: =SUM(D14:AG14) -> 18 | D14: 0 | E14: 0 | F14: 6 | K14: 0 | L14: 0 | M14: 0 | N14: 0 | O14: 0 | R14: 0 | S14: 0 | T14: 0 | U14: 0 | V14: 0 | Y14: 0 | Z14: 0 | AA14: 0 | AB14: 0 | AC14: 6 | AF14: 6 | AG14: 0
A15: 13 | B15: 陸長遠 | C15: =SUM(D15:AG15) -> 3 | D15: 0 | E15: 0 | F15: 0 | K15: 0 | L15: 3 | M15: 0 | N15: 0 | O15: 0 | R15: 0 | S15: 0 | T15: 0 | U15: 0 | V15: 0 | Y15: 0 | Z15: 0 | AA15: 0 | AB15: 0 | AC15: 0 | AF15: 0 | AG15: 0
A16: 14 | B16: 劉益豪 | C16: =SUM(D16:AG16) -> 22 | D16: 0 | E16: 0 | F16: 0 | I16: 16 | K16: 0 | L16: 6 | M16: 0 | N16: 0 | O16: 0 | R16: 0 | S16: 0 | T16: 0 | U16: 0 | V16: 0 | Y16: 0 | Z16: 0 | AA16: 0 | AB16: 0 | AC16: 0 | AF16: 0 | AG16: 0

Sheet TP出勤5月份
A1: TP出勤 | C1: 45413 | D1: 45414 | E1: 45415 | F1: 45416 | G1: 45417 | H1: 45418 | I1: 45419 | J1: 45420 | K1: 45421 | L1: 45422 | M1: 45423 | N1: 45424 | O1: 45425 | P1: 45426 | Q1: 45427 | R1: 45428 | S1: 45429 | T1: 45430 | U1: 45431 | V1: 45432 | W1: 45433 | X1: 45434 | Y1: 45435 | Z1: 45436 | AA1: 45437 | AB1: 45438 | AC1: 45439 | AD1: 45440 | AE1: 45441 | AF1: 45442 | AG1: 45443
A2: NO. | B2: 姓名
A3: 1 | B3: 郭先弘 | D3: 出差 | E3: 出差 | H3: 出差 | I3: 出差 | J3: 出差 | K3: 出差 | L3: 出差 | O3: 出差 | P3: 出差 | Q3: 出差 | R3: 出差 | S3: 出差 | V3: 出差 | W3: ✓ | X3: ✓ | Y3: ✓ | Z3: ✓ | AC3: ✓ | AD3: ✓ | AE3: ✓ | AF3: ✓ | AG3: ✓
A4: 2 | B4: 陳淑芬 | D4: 出差 | E4: 出差 | H4: 出差 | I4: ✓ | J4: ✓ | K4: ✓ | L4: ✓ | O4: 出差 | P4: 出差 | Q4: 出差 | R4: 出差 | S4: 出差 | V4: 出差 | W4: 出差 | X4: 出差 | Y4: 出差 | Z4: 出差 | AC4: 出差 | AD4: 出差 | AE4: 出差 | AF4: 出差 | AG4: 出差
A5: 3 | B5: 林世彬 | D5: ✓ | E5: ✓ | H5: ✓ | I5: ◎ | J5: ✓ | K5: ✓ | L5: ✓ | O5: ✓ | P5: ✓ | Q5: ✓ | R5: ✓ | S5: ✓ | V5: ✓ | W5: ✓ | X5: ✓ | Y5: ✓ | Z5: ✓ | AC5: ✓ | AD5: ✓ | AE5: ✓ | AF5: ✓ | AG5: ✓
A6: 4 | B6: 何彥璋 | D6: 出差 | E6: 出差 | H6: 出差 | I6: ✓ | J6: ✓ | K6: ✓ | L6: ◎ | O6: 出差 | P6: 出差 | Q6: 出差 | R6: 出差 | S6: 出差 | V6: 出差 | W6: 出差 | X6: 出差 | Y6: 出差 | Z6: 出差 | AC6: 出差 | AD6: 出差 | AE6: 出差 | AF6: 出差 | AG6: 出差
A7: 5 | B7: 吳嘉銘 | D7: 出差 | E7: 出差 | H7: 出差 | I7: 出差 | J7: 出差 | K7: 出差 | L7: 出差 | O7: 出差 | P7: ✓ | Q7: ✓ | R7: ✓ | S7: ◎ | V7: 出差 | W7: 出差 | X7: 出差 | Y7: 出差 | Z7: 出差 | AC7: 出差 | AD7: 出差 | AE7: 出差 | AF7: 出差 | AG7: 出差
A8: 6 | B8: 林詠書 | D8: 陪產 | E8: 陪產 | H8: 陪產 | I8: 陪產 | J8: 陪產 | K8: ✓ | L8: ✓ | O8: ✓ | P8: ✓ | Q8: ✓ | R8: ✓ | S8: ✓ | V8: ✓ | W8: ✓ | X8: ✓ | Y8: ✓ | Z8: ✓ | AC8: ✓ | AD8: ✓ | AE8: ✓ | AF8: ✓ | AG8: ◎
A9: 7 | B9: 謝秉宏 | D9: ✓ | E9: ✓ | H9: △ | I9: ✓ | J9: ✓ | K9: ✓ | L9: ✓ | O9: 出差 | P9: 出差 | Q9: 出差 | R9: 出差 | S9: 出差 | V9: 出差 | W9: 出差 | X9: 出差 | Y9: 出差 | Z9: 出差 | AC9: 出差 | AD9: △ | AE9: ✓ | AF9: ✓ | AG9: ✓
A10: 8 | B10: 林建宏 | D10: 出差 | E10: 出差 | H10: 出差 | I10: ✓ | J10: 特休 | K10: ✓ | L10: 補休 | O10: 出差 | P10: 出差 | Q10: 出差 | R10: 出差 | S10: 出差 | V10: 出差 | W10: 出差 | X10: 出差 | Y10: 出差 | Z10: 出差 | AC10: 出差 | AD10: 出差 | AE10: 出差 | AF10: 出差 | AG10: 出差
A11: 9 | B11: 蘇景郁 | D11: 出差 | E11: 出差 | H11: 出差 | I11: 出差 | J11: 出差 | K11: 出差 | L11: 出差 | O11: 出差 | P11: ✓ | Q11: ✓ | R11: ✓ | S11: ◎ | V11: 出差 | W11: 出差 | X11: 出差 | Y11: 出差 | Z11: 出差 | AC11: 出差 | AD11: 出差 | AE11: 出差 | AF11: 出差 | AG11: 出差
A12: 10 | B12: 潘其昌 | D12: 出差 | E12: 出差 | H12: 出差 | I12: ✓ | J12: ✓ | K12: ✓ | L12: ◎ | O12: 出差 | P12: 出差 | Q12: 出差 | R12: 出差 | S12: 出差 | V12: 出差 | W12: 出差 | X12: 出差 | Y12: 出差 | Z12: 出差 | AC12: 出差 | AD12: 出差 | AE12: 出差 | AF12: 出差 | AG12: 出差
A13: 11 | B13: 陳俊男 | D13: 出差 | E13: 出差 | H13: 出差 | I13: 出差 | J13: 出差 | K13: 出差 | L13: 出差 | O13: 出差 | P13: 出差 | Q13: 出差 | R13: 出差 | S13: 出差 | V13: ◎ | W13: ✓ | X13: ✓ | Y13: ✓ | Z13: ✓ | AC13: ✓ | AD13: ✓ | AE13: ✓ | AF13: ✓ | AG13: ✓
A14: 12 | B14: 林政宏 | D14: 出差 | E14: 出差 | H14: 出差 | I14: 出差 | J14: 出差 | K14: 出差 | L14: 出差 | O14: 出差 | P14: ✓ | Q14: ◎ | R14: 出差 | S14: 出差 | V14: 出差 | W14: 出差 | X14: 出差 | Y14: 出差 | Z14: 出差 | AC14: 出差 | AD14: 出差 | AE14: 出差 | AF14: 出差 | AG14: 出差
... A16: 14 | B16: 劉益豪 | D16: ✓ | E16: ✓ | H16: ✓ | I16: ✓ | J16: △ | K16: ✓ | L16: ✓ | O16: △ | P16: ✓ | Q16: ✓ | R16: ✓ | S16: ✓ | V16: ✓ | W16: ✓ | X16: ✓ | Y16: ✓ | Z16: ✓ | AC16: ✓ | AD16: ✓ | AE16: ✓ | AF16: ✓ | AG16: ✓
A17: ✓ | B17: 正常
A18: ◎ | B18: 補休
A19: △ | B19: 遲到
A21: 1.當年度6月後累計天數超過96單位(6天)之人員，定期通知提醒該員按時休假。
A22: 2.當年度年底(12/31)未休完之單位時數可累計至下年度前3個月使用，最高累計單位時數為112單位(7天)，超過則不採計。
A23: 3.第2項之天數未依規定休完則直接歸零計。
A24: 4.第2項之天數如因任務/出差等因素未休完則由主管依個案處理。
A25: 5.提報加班時數超過3單位請填寫上加班原因(例: 3單位，XXX專案DOE)。
A26: 6.請補休(填出勤確認單)最長連續時數以16單位(1天)為上限(填出勤單不要超過1天以上)。
A27: 7.此補休辦法(填出勤確認單)請大家一起維護，被人資發現告發後此單位時數一但被歸零則無法補發。

Sheet TP5月份請假
A1: TP請假 | C1: 5月累計 (0.5小時/單位) | D1: 45413 | E1: 45414 | F1: 45415 | G1: 45416 | H1: 45417 | I1: 45418 | J1: 45419 | K1: 45420 | L1: 45421 | M1: 45422 | N1: 45423 | O1: 45424 | P1: 45425 | Q1: 45426 | R1: 45427 | S1: 45428 | T1: 45429 | U1: 45430 | V1: 45431 | W1: 45432 | X1: 45433 | Y1: 45434 | Z1: 45435 | AA1: 45436 | AB1: 45437 | AC1: 45438 | AD1: 45439 | AE1: 45440 | AF1: 45441 | AG1: 45442 | AH1: 45443
A2: NO. | B2: 姓名
A3: 1 | B3: 郭先弘 | C3: =SUM(D3:AH3) -> 0 | E3: 0 | F3: 0 | I3: 0 | J3: 0 | K3: 0 | L3: 0 | M3: 0 | P3: 0 | Q3: 0 | R3: 0 | S3: 0 | T3: 0 | W3: 0 | X3: 0 | Y3: 0 | Z3: 0 | AA3: 0 | AD3: 0 | AE3: 0 | AF3: 0 | AG3: 0 | AH3: 0
A4: 2 | B4: 陳淑芬 | C4: =SUM(D4:AH4) -> 0 | E4: 0 | F4: 0 | I4: 0 | J4: 0 | K4: 0 | L4: 0 | M4: 0 | P4: 0 | Q4: 0 | R4: 0 | S4: 0 | T4: 0 | W4: 0 | X4: 0 | Y4: 0 | Z4: 0 | AA4: 0 | AD4: 0 | AE4: 0 | AF4: 0 | AG4: 0 | AH4: 0
A5: 3 | B5: 林世彬 | C5: =SUM(D5:AH5) -> 5 | E5: 0 | F5: 0 | I5: 0 | J5: 2 | K5: 0 | L5: 3 | M5: 0 | P5: 0 | Q5: 0 | R5: 0 | S5: 0 | T5: 0 | W5: 0 | X5: 0 | Y5: 0 | Z5: 0 | AA5: 0 | AD5: 0 | AE5: 0 | AF5: 0 | AG5: 0 | AH5: 0
A6: 4 | B6: 何彥璋 | C6: =SUM(D6:AH6) -> 16 | E6: 0 | F6: 0 | I6: 0 | J6: 0 | K6: 0 | L6: 0 | M6: 16 | P6: 0 | Q6: 0 | R6: 0 | S6: 0 | T6: 0 | W6: 0 | X6: 0 | Y6: 0 | Z6: 0 | AA6: 0 | AD6: 0 | AE6: 0 | AF6: 0 | AG6: 0 | AH6: 0
A7: 5 | B7: 吳嘉銘 | C7: =SUM(D7:AH7) -> 16 | E7: 0 | F7: 0 | I7: 0 | J7: 0 | K7: 0 | L7: 0 | M7: 0 | P7: 0 | Q7: 0 | R7: 0 | S7: 0 | T7: 16 | W7: 0 | X7: 0 | Y7: 0 | Z7: 0 | AA7: 0 | AD7: 0 | AE7: 0 | AF7: 0 | AG7: 0 | AH7: 0
A8: 6 | B8: 林詠書 | C8: =SUM(D8:AH8) -> 24 | E8: 0 | F8: 0 | I8: 0 | J8: 0 | K8: 0 | L8: 0 | M8: 0 | P8: 0 | Q8: 8 | R8: 0 | S8: 0 | T8: 0 | W8: 0 | X8: 0 | Y8: 0 | Z8: 0 | AA8: 0 | AD8: 0 | AE8: 0 | AF8: 0 | AG8: 0 | AH8: 16
A9: 7 | B9: 謝秉宏 | C9: =SUM(D9:AH9) -> 4 | E9: 0 | F9: 3 | I9: 0 | J9: 0 | K9: 0 | L9: 0 | M9: 0 | P9: 0 | Q9: 0 | R9: 0 | S9: 0 | T9: 0 | W9: 0 | X9: 0 | Y9: 0 | Z9: 0 | AA9: 0 | AD9: 0 | AE9: 1 | AF9: 0 | AG9: 0 | AH9: 0
A10: 8 | B10: 林建宏 | C10: =SUM(D10:AG10) -> 0 | E10: 0 | F10: 0 | I10: 0 | J10: 0 | K10: 0 | L10: 0 | M10: 0 | P10: 0 | Q10: 0 | R10: 0 | S10: 0 | T10: 0 | W10: 0 | X10: 0 | Y10: 0 | Z10: 0 | AA10: 0 | AD10: 0 | AE10: 0 | AF10: 0 | AG10: 0 | AH10: 0
A11: 9 | B11: 蘇景郁 | C11: =SUM(D11:AH11) -> 16 | E11: 0 | F11: 0 | I11: 0 | J11: 0 | K11: 0 | L11: 0 | M11: 0 | P11: 0 | Q11: 0 | R11: 0 | S11: 0 | T11: 16 | W11: 0 | X11: 0 | Y11: 0 | Z11: 0 | AA11: 0 | AD11: 0 | AE11: 0 | AF11: 0 | AG11: 0 | AH11: 0
A12: 10 | B12: 潘其昌 | C12: =SUM(D12:AH12) -> 16 | E12: 0 | F12: 0 | I12: 0 | J12: 0 | K12: 0 | L12: 0 | M12: 16 | P12: 0 | Q12: 0 | R12: 0 | S12: 0 | T12: 0 | W12: 0 | X12: 0 | Y12: 0 | Z12: 0 | AA12: 0 | AD12: 0 | AE12: 0 | AF12: 0 | AG12: 0 | AH12: 0
A13: 11 | B13: 陳俊男 | C13: =SUM(D13:AG13) -> 16 | E13: 0 | F13: 0 | I13: 0 | J13: 0 | K13: 0 | L13: 0 | M13: 0 | P13: 0 | Q13: 0 | R13: 0 | S13: 0 | T13: 0 | W13: 16 | X13: 0 | Y13: 0 | Z13: 0 | AA13: 0 | AD13: 0 | AE13: 0 | AF13: 0 | AG13: 0 | AH13: 0
A14: 12 | B14: 林政宏 | C14: =SUM(D14:AH14) -> 0 | E14: 0 | F14: 0 | I14: 0 | J14: 0 | K14: 0 | L14: 0 | M14: 0 | P14: 0 | Q14: 0 | R14: 0 | S14: 0 | T14: 0 | W14: 0 | X14: 0 | Y14: 0 | Z14: 0 | AA14: 0 | AD14: 0 | AE14: 0 | AF14: 0 | AG14: 0 | AH14: 0
A15: 13 | B15: 陸長遠 | C15: =SUM(D15:AH15) -> 22 | E15: 0 | F15: 0 | I15: 0 | J15: 0 | K15: 0 | L15: 0 | M15: 0 | P15: 0 | Q15: 4 | R15: 0 | S15: 0 | T15: 0 | W15: 0 | X15: 0 | Y15: 6 | Z15: 0 | AA15: 0 | AD15: 0 | AE15: 0 | AF15: 4 | AG15: 0 | AH15: 8
A16: 14 | B16: 劉益豪 | C16: =SUM(D16:AH16) -> 11 | E16: 0 | F16: 0 | I16: 0 | J16: 0 | K16: 2 | L16: 0 | M16: 0 | P16: 1 | Q16: 0 | R16: 0 | S16: 0 | T16: 0 | W16: 0 | X16: 0 | Y16: 0 | Z16: 0 | AA16: 0 | AD16: 0 | AE16: 0 | AF16: 0 | AG16: 8 | AH16: 0

Sheet TP5月份加班
A1: TP加班 | C1: 五月累計 (0.5小時/單位) | D1: 45413 | E1: 45414 | F1: 45415 | G1: 45416 | H1: 45417 | I1: 45418 | J1: 45419 | K1: 45420 | L1: 45421 | M1: 45422 | N1: 45423 | O1: 45424 | P1: 45425 | Q1: 45426 | R1: 45427 | S1: 45428 | T1: 45429 | U1: 45430 | V1: 45431 | W1: 45432 | X1: 45433 | Y1: 45434 | Z1: 45435 | AA1: 45436 | AB1: 45437 | AC1: 45438 | AD1: 45439 | AE1: 45440 | AF1: 45441 | AG1: 45442 | AH1: 45443
A2: NO. | B2: 姓名
A3: 1 | B3: 郭先弘 | C3: =SUM(D3:AH3) -> 0 | E3: 0 | F3: 0 | I3: 0 | J3: 0 | K3: 0 | L3: 0 | M3: 0 | P3: 0 | Q3: 0 | R3: 0 | S3: 0 | T3: 0 | W3: 0 | X3: 0 | Y3: 0 | Z3: 0 | AA3: 0 | AD3: 0 | AE3: 0 | AF3: 0 | AG3: 0 | AH3: 0
A4: 2 | B4: 陳淑芬 | C4: =SUM(D4:AH4) -> 0 | E4: 0 | F4: 0 | I4: 0 | J4: 0 | K4: 0 | L4: 0 | M4: 0 | P4: 0 | Q4: 0 | R4: 0 | S4: 0 | T4: 0 | W4: 0 | X4: 0 | Y4: 0 | Z4: 0 | AA4: 0 | AD4: 0 | AE4: 0 | AF4: 0 | AG4: 0 | AH4: 0
A5: 3 | B5: 林世彬 | C5: =SUM(D5:AH5) -> 24 | E5: 0 | F5: 4 | I5: 0 | J5: 0 | K5: 1 | L5: 0 | M5: 0 | N5: 16 | P5: 0 | Q5: 0 | R5: 0 | S5: 0 | T5: 0 | W5: 0 | X5: 3 | Y5: 0 | Z5: 0 | AA5: 0 | AD5: 0 | AE5: 0 | AF5: 0 | AG5: 0 | AH5: 0
A6: 4 | B6: 何彥璋 | C6: =SUM(D6:AH6) -> 0 | E6: 0 | F6: 0 | I6: 0 | J6: 0 | K6: 0 | L6: 0 | M6: 0 | P6: 0 | Q6: 0 | R6: 0 | S6: 0 | T6: 0 | W6: 0 | X6: 0 | Y6: 0 | Z6: 0 | AA6: 0 | AD6: 0 | AE6: 0 | AF6: 0 | AG6: 0 | AH6: 0
A7: 5 | B7: 吳嘉銘 | C7: =SUM(D7:AH7) -> 0 | E7: 0 | F7: 0 | I7: 0 | J7: 0 | K7: 0 | L7: 0 | M7: 0 | P7: 0 | Q7: 0 | R7: 0 | S7: 0 | T7: 0 | W7: 0 | X7: 0 | Y7: 0 | Z7: 0 | AA7: 0 | AD7: 0 | AE7: 0 | AF7: 0 | AG7: 0 | AH7: 0
A8: 6 | B8: 林詠書 | C8: =SUM(D8:AH8) -> 24 | E8: 0 | F8: 0 | I8: 0 | J8: 0 | K8: 0 | L8: 1 | M8: 2 | P8: 1 | Q8: 0 | R8: 1 | S8: 0 | T8: 0 | W8: 1 | X8: 2 | Y8: 1 | Z8: 1 | AA8: 1 | AD8: 2 | AE8: 5 | AF8: 3 | AG8: 3 | AH8: 0
A9: 7 | B9: 謝秉宏 | C9: =SUM(D9:AH9) -> 8 | E9: 0 | F9: 0 | I9: 0 | J9: 0 | K9: 4 | L9: 1 | M9: 0 | P9: 0 | Q9: 0 | R9: 0 | S9: 0 | T9: 0 | W9: 0 | X9: 0 | Y9: 0 | Z9: 0 | AA9: 0 | AD9: 0 | AE9: 0 | AF9: 1 | AG9: 1 | AH9: 1
A10: 8 | B10: 林建宏 | C10: =SUM(D10:AG10) -> 0 | E10: 0 | F10: 0 | I10: 0 | J10: 0 | K10: 0 | L10: 0 | M10: 0 | P10: 0 | Q10: 0 | R10: 0 | S10: 0 | T10: 0 | W10: 0 | X10: 0 | Y10: 0 | Z10: 0 | AA10: 0 | AD10: 0 | AE10: 0 | AF10: 0 | AG10: 0 | AH10: 0
A11: 9 | B11: 蘇景郁 | C11: =SUM(D11:AH11) -> 12 | E11: 0 | F11: 0 | I11: 0 | J11: 10 | K11: 0 | L11: 0 | M11: 0 | P11: 0 | Q11: 0 | R11: 1 | S11: 1 | T11: 0 | W11: 0 | X11: 0 | Y11: 0 | Z11: 0 | AA11: 0 | AD11: 0 | AE11: 0 | AF11: 0 | AG11: 0 | AH11: 0
A12: 10 | B12: 潘其昌 | C12: =SUM(D12:AH12) -> 0 | E12: 0 | F12: 0 | I12: 0 | J12: 0 | K12: 0 | L12: 0 | M12: 0 | P12: 0 | Q12: 0 | R12: 0 | S12: 0 | T12: 0 | W12: 0 | X12: 0 | Y12: 0 | Z12: 0 | AA12: 0 | AD12: 0 | AE12: 0 | AF12: 0 | AG12: 0 | AH12: 0
A13: 11 | B13: 陳俊男 | C13: =SUM(D13:AH13) -> 55 | E13: 0 | F13: 0 | I13: 0 | J13: 7 | K13: 6 | L13: 0 | M13: 0 | P13: 0 | Q13: 7 | R13: 0 | S13: 0 | T13: 0 | W13: 0 | X13: 0 | Y13: 0 | Z13: 0 | AA13: 0 | AD13: 10 | AE13: 8 | AF13: 11 | AG13: 6 | AH13: 0
A14: 12 | B14: 林政宏 | C14: =SUM(D14:AH14) -> 43 | E14: 0 | F14: 0 | I14: 6 | J14: 0 | K14: 6 | L14: 0 | M14: 0 | P14: 0 | Q14: 0 | R14: 0 | S14: 0 | T14: 0 | W14: 0 | X14: 0 | Y14: 0 | Z14: 6 | AA14: 0 | AD14: 0 | AE14: 6 | AF14: 6 | AG14: 6 | AH14: 7
A15: 13 | B15: 陸長遠 | C15: =SUM(D15:AH15) -> 0 | E15: 0 | F15: 0 | I15: 0 | J15: 0 | K15: 0 | L15: 0 | M15: 0 | P15: 0 | Q15: 0 | R15: 0 | S15: 0 | T15: 0 | W15: 0 | X15: 0 | Y15: 0 | Z15: 0 | AA15: 0 | AD15: 0 | AE15: 0 | AF15: 0 | AG15: 0 | AH15: 0
A16: 14 | B16: 劉益豪 | C16: =SUM(D16:AH16) -> 4 | E16: 0 | F16: 0 | I16: 0 | J16: 0 | K16: 0 | L16: 0 | M16: 0 | P16: 0 | Q16: 0 | R16: 0 | S16: 0 | T16: 0 | W16: 0 | X16: 0 | Y16: 0 | Z16: 0 | AA16: 0 | AD16: 0 | AE16: 0 | AF16: 4 | AG16: 0 | AH16: 0

Sheet TP出勤6月份
A1: TP出勤 | C1: 45444 | D1: 45445 | E1: 45446 | F1: 45447 | G1: 45448 | H1: 45449 | I1: 45450 | J1: 45451 | K1: 45452 | L1: 45453 | M1: 45454 | N1: 45455 | O1: 45456 | P1: 45457 | Q1: 45458 | R1: 45459 | S1: 45460 | T1: 45461 | U1: 45462 | V1: 45463 | W1: 45464 | X1: 45465 | Y1: 45466 | Z1: 45467 | AA1: 45468 | AB1: 45469 | AC1: 45470 | AD1: 45471 | AE1: 45472 | AF1: 45473
A2: NO. | B2: 姓名
A3: 1 | B3: 郭先弘 | E3: ✓ | F3: ✓ | G3: ✓ | H3: ✓ | I3: ✓ | M3: ✓ | N3: ✓ | O3: ✓ | P3: ✓ | S3: ✓ | T3: ✓ | U3: ✓ | V3: ◎ | W3: ✓ | Z3: ✓ | AA3: ✓ | AB3: ✓ | AC3: ✓ | AD3: ◎
A4: 2 | B4: 陳淑芬 | E4: 出差 | F4: 出差 | G4: 出差 | H4: ✓ | I4: ✓ | M4: ◎ | N4: 出差 | O4: 出差 | P4: 出差 | S4: 出差 | T4: 出差 | U4: 出差 | V4: 出差 | W4: 出差 | Z4: 出差 | AA4: 出差 | AB4: 出差 | AC4: 出差 | AD4: 出差
A5: 3 | B5: 林世彬 | E5: ✓ | F5: ✓ | G5: ✓ | H5: ✓ | I5: ✓ | M5: ✓ | N5: ✓ | O5: ✓ | P5: ✓ | S5: ✓ | T5: ✓ | U5: ✓ | V5: ✓ | W5: ✓ | Z5: ✓ | AA5: ✓ | AB5: ✓ | AC5: ✓ | AD5: ✓
A6: 4 | B6: 何彥璋 | E6: 出差 | F6: 出差 | G6: 出差 | H6: 出差 | I6: 出差 | M6: 出差 | N6: 出差 | O6: 出差 | P6: 出差 | S6: ✓ | T6: ✓ | U6: ◎ | V6: ◎ | W6: 出差 | Z6: 出差 | AA6: 出差 | AB6: 出差 | AC6: 出差 | AD6: 出差
A7: 5 | B7: 吳嘉銘 | E7: 出差 | F7: 出差 | G7: 出差 | H7: 出差 | I7: 出差 | M7: 出差 | N7: 出差 | O7: 出差 | P7: 出差 | S7: 出差 | T7: 出差 | U7: 出差 | V7: 出差 | W7: 出差 | Z7: 出差 | AA7: ✓ | AB7: ✓ | AC7: ✓ | AD7: ◎
A8: 6 | B8: 林詠書 | E8: ✓ | F8: ✓ | G8: ✓ | H8: ✓ | I8: ✓ | M8: ✓ | N8: ✓ | O8: ✓ | P8: ◎ | S8: ✓ | T8: ✓ | U8: ✓ | V8: ✓ | W8: ✓ | Z8: ✓ | AA8: ✓ | AB8: ✓ | AC8: ✓ | AD8: ✓
A9: 7 | B9: 謝秉宏 | E9: ✓ | F9: ✓ | G9: ✓ | H9: ✓ | I9: ◎ | M9: △ | N9: ✓ | O9: ✓ | P9: ✓ | S9: ✓ | T9: ✓ | U9: ◎ | V9: ✓ | W9: ✓ | Z9: ✓ | AA9: ✓ | AB9: ✓ | AC9: ✓ | AD9: ✓
A10: 8 | B10: 林建宏 | E10: 出差 | F10: 出差 | G10: 出差 | H10: ✓ | I10: 補休 | M10: ◎ | N10: ✓ | O10: ✓ | P10: 出差 | S10: 出差 | T10: 出差 | U10: 出差 | V10: 出差 | W10: 出差 | Z10: 出差 | AA10: 出差 | AB10: 出差 | AC10: 出差 | AD10: 出差
A11: 9 | B11: 蘇景郁 | E11: 出差 | F11: 出差 | G11: 出差 | H11: 出差 | I11: 出差 | M11: 出差 | N11: 出差 | O11: 出差 | P11: 出差 | S11: 出差 | T11: 出差 | U11: 出差 | V11: 出差 | W11: 出差 | Z11: 出差 | AA11: ◎ | AB11: ✓ | AC11: ✓ | AD11: ◎
A12: 10 | B12: 潘其昌 | E12: 出差 | F12: 出差 | G12: 出差 | H12: 出差 | I12: 出差 | M12: 出差 | N12: 出差 | O12: 出差 | P12: 出差 | S12: ✓ | T12: ✓ | U12: ✓ | V12: ◎ | W12: 出差 | Z12: 出差 | AA12: 出差 | AB12: 出差 | AC12: 出差 | AD12: 出差
A13: 11 | B13: 陳俊男 | E13: 出差 | F13: 出差 | G13: 出差 | H13: 出差 | I13: 出差 | M13: 出差 | N13: 出差 | O13: 出差 | P13: 出差 | S13: 出差 | T13: 出差 | U13: 出差 | V13: 出差 | W13: 出差 | Z13: 出差 | AA13: 出差 | AB13: 出差 | AC13: 出差 | AD13: 出差
A14: 12 | B14: 林政宏 | E14: 出差 | F14: ◎ | G14: 出差 | H14: 出差 | I14: 出差 | M14: 出差 | N14: 出差 | O14: 出差 | P14: 出差 | S14: 出差 | T14: ◎ | U14: ✓ | V14: ◎ | W14: 出差 | Z14: 出差 | AA14: 出差 | AB14: 出差 | AC14: 出差 | AD14: 出差
... A16: 14 | B16: 劉益豪 | E16: ✓ | F16: 外出 | G16: ✓ | H16: ✓ | I16: ◎ | M16: ✓ | N16: △ | O16: ✓ | P16: △ | S16: ✓ | T16: ✓ | U16: ✓ | V16: ✓ | W16: ✓ | Z16: ✓ | AA16: △ | AB16: ✓ | AC16: ✓ | AD16: △
A17: ✓ | B17: 正常
A18: ◎ | B18: 補休
A19: △ | B19: 遲到
A21: 1.當年度6月後累計天數超過96單位(6天)之人員，定期通知提醒該員按時休假。
A22: 2.當年度年底(12/31)未休完之單位時數可累計至下年度前3個月使用，最高累計單位時數為112單位(7天)，超過則不採計。
A23: 3.第2項之天數未依規定休完則直接歸零計。
A24: 4.第2項之天數如因任務/出差等因素未休完則由主管依個案處理。
A25: 5.提報加班時數超過3單位請填寫上加班原因(例: 3單位，XXX專案DOE)。
A26: 6.請補休(填出勤確認單)最長連續時數以16單位(1天)為上限(填出勤單不要超過1天以上)。
A27: 7.此補休辦法(填出勤確認單)請大家一起維護，被人資發現告發後此單位時數一但被歸零則無法補發。

Sheet TP6月份請假
A1: TP請假 | C1: 6月累計 (0.5小時/單位) | D1: 45444 | E1: 45445 | F1: 45446 | G1: 45447 | H1: 45448 | I1: 45449 | J1: 45450 | K1: 45451 | L1: 45452 | M1: 45453 | N1: 45454 | O1: 45455 | P1: 45456 | Q1: 45457 | R1: 45458 | S1: 45459 | T1: 45460 | U1: 45461 | V1: 45462 | W1: 45463 | X1: 45464 | Y1: 45465 | Z1: 45466 | AA1: 45467 | AB1: 45468 | AC1: 45469 | AD1: 45470 | AE1: 45471 | AF1: 45472 | AG1: 45473
A2: NO. | B2: 姓名
A3: 1 | B3: 郭先弘 | C3: =SUM(D3:AG3) -> 0 | F3: 0 | G3: 0 | H3: 0 | I3: 0 | J3: 0 | N3: 0 | O3: 0 | P3: 0 | Q3: 0 | T3: 0 | U3: 0 | V3: 0 | W3: 0 | X3: 0 | AA3: 0 | AB3: 0 | AC3: 0 | AD3: 0 | AE3: 0
A4: 2 | B4: 陳淑芬 | C4: =SUM(D4:AG4) -> 16 | F4: 0 | G4: 0 | H4: 0 | I4: 0 | J4: 0 | N4: 16 | O4: 0 | P4: 0 | Q4: 0 | T4: 0 | U4: 0 | V4: 0 | W4: 0 | X4: 0 | AA4: 0 | AB4: 0 | AC4: 0 | AD4: 0 | AE4: 0
A5: 3 | B5: 林世彬 | C5: =SUM(D5:AG5) -> 0 | F5: 0 | G5: 0 | H5: 0 | I5: 0 | J5: 0 | N5: 0 | O5: 0 | P5: 0 | Q5: 0 | T5: 0 | U5: 0 | V5: 0 | W5: 0 | X5: 0 | AA5: 0 | AB5: 0 | AC5: 0 | AD5: 0 | AE5: 0
A6: 4 | B6: 何彥璋 | C6: =SUM(D6:AG6) -> 32 | F6: 0 | G6: 0 | H6: 0 | I6: 0 | J6: 0 | N6: 0 | O6: 0 | P6: 0 | Q6: 0 | T6: 0 | U6: 0 | V6: 16 | W6: 16 | X6: 0 | AA6: 0 | AB6: 0 | AC6: 0 | AD6: 0 | AE6: 0
A7: 5 | B7: 吳嘉銘 | C7: =SUM(D7:AG7) -> 16 | F7: 0 | G7: 0 | H7: 0 | I7: 0 | J7: 0 | N7: 0 | O7: 0 | P7: 0 | Q7: 0 | T7: 0 | U7: 0 | V7: 0 | W7: 0 | X7: 0 | AA7: 0 | AB7: 0 | AC7: 0 | AD7: 0 | AE7: 16
A8: 6 | B8: 林詠書 | C8: =SUM(D8:AG8) -> 39 | F8: 4 | G8: 0 | H8: 0 | I8: 0 | J8: 0 | N8: 0 | O8: 8 | P8: 0 | Q8: 16 | T8: 0 | U8: 0 | V8: 3 | W8: 0 | X8: 0 | AA8: 0 | AB8: 0 | AC8: 0 | AD8: 0 | AE8: 8
A9: 7 | B9: 謝秉宏 | C9: =SUM(D9:AG9) -> 33 | F9: 0 | G9: 0 | H9: 0 | I9: 0 | J9: 16 | N9: 1 | O9: 0 | P9: 0 | Q9: 0 | T9: 0 | U9: 0 | V9: 16 | W9: 0 | X9: 0 | AA9: 0 | AB9: 0 | AC9: 0 | AD9: 0 | AE9: 0
A10: 8 | B10: 林建宏 | C10: =SUM(D10:AG10) -> 16 | F10: 0 | G10: 0 | H10: 0 | I10: 0 | J10: 0 | N10: 16 | O10: 0 | P10: 0 | Q10: 0 | T10: 0 | U10: 0 | V10: 0 | W10: 0 | X10: 0 | AA10: 0 | AB10: 0 | AC10: 0 | AD10: 0 | AE10: 0
A11: 9 | B11: 蘇景郁 | C11: =SUM(D11:AG11) -> 32 | F11: 0 | G11: 0 | H11: 0 | I11: 0 | J11: 0 | N11: 0 | O11: 0 | P11: 0 | Q11: 0 | T11: 0 | U11: 0 | V11: 0 | W11: 0 | X11: 0 | AA11: 0 | AB11: 16 | AC11: 0 | AD11: 0 | AE11: 16
A12: 10 | B12: 潘其昌 | C12: =SUM(D12:AG12) -> 16 | F12: 0 | G12: 0 | H12: 0 | I12: 0 | J12: 0 | N12: 0 | O12: 0 | P12: 0 | Q12: 0 | T12: 0 | U12: 0 | V12: 0 | W12: 16 | X12: 0 | AA12: 0 | AB12: 0 | AC12: 0 | AD12: 0 | AE12: 0
A13: 11 | B13: 陳俊男 | C13: =SUM(D13:AG13) -> 0 | F13: 0 | G13: 0 | H13: 0 | I13: 0 | J13: 0 | N13: 0 | O13: 0 | P13: 0 | Q13: 0 | T13: 0 | U13: 0 | V13: 0 | W13: 0 | X13: 0 | AA13: 0 | AB13: 0 | AC13: 0 | AD13: 0 | AE13: 0
A14: 12 | B14: 林政宏 | C14: =SUM(D14:AG14) -> 48 | F14: 0 | G14: 16 | H14: 0 | I14: 0 | J14: 0 | N14: 0 | O14: 0 | P14: 0 | Q14: 0 | T14: 0 | U14: 16 | V14: 0 | W14: 16 | X14: 0 | AA14: 0 | AB14: 0 | AC14: 0 | AD14: 0 | AE14: 0
... A16: 14 | B16: 劉益豪 | C16: =SUM(D16:AG16) -> 21 | F16: 0 | G16: 0 | H16: 0 | I16: 0 | J16: 16 | N16: 0 | O16: 2 | P16: 0 | Q16: 1 | T16: 0 | U16: 0 | V16: 0 | W16: 0 | X16: 0 | AA16: 0 | AB16: 1 | AC16: 0 | AD16: 0 | AE16: 1

Sheet TP6月份加班
A1: TP加班 | C1: 6月累計 (0.5小時/單位) | D1: 45444 | E1: 45445 | F1: 45446 | G1: 45447 | H1: 45448 | I1: 45449 | J1: 45450 | K1: 45451 | L1: 45452 | M1: 45453 | N1: 45454 | O1: 45455 | P1: 45456 | Q1: 45457 | R1: 45458 | S1: 45459 | T1: 45460 | U1: 45461 | V1: 45462 | W1: 45463 | X1: 45464 | Y1: 45465 | Z1: 45466 | AA1: 45467 | AB1: 45468 | AC1: 45469 | AD1: 45470 | AE1: 45471 | AF1: 45472 | AG1: 45473
A2: NO. | B2: 姓名
A3: 1 | B3: 郭先弘 | C3: =SUM(D3:AG3) -> 0 | F3: 0 | G3: 0 | H3: 0 | I3: 0 | J3: 0 | N3: 0 | O3: 0 | P3: 0 | Q3: 0 | T3: 0 | U3: 0 | V3: 0 | W3: 0 | X3: 0 | AA3: 0 | AB3: 0 | AC3: 0 | AD3: 0 | AE3: 0
A4: 2 | B4: 陳淑芬 | C4: =SUM(D4:AG4) -> 8 | F4: 0 | G4: 0 | H4: 0 | I4: 0 | J4: 0 | N4: 6 | O4: 2 | P4: 0 | Q4: 0 | T4: 0 | U4: 0 | V4: 0 | W4: 0 | X4: 0 | AA4: 0 | AB4: 0 | AC4: 0 | AD4: 0 | AE4: 0
A5: 3 | B5: 林世彬 | C5: =SUM(D5:AG5) -> 1 | F5: 0 | G5: 0 | H5: 0 | I5: 0 | J5: 0 | N5: 0 | O5: 0 | P5: 0 | Q5: 0 | T5: 1 | U5: 0 | V5: 0 | W5: 0 | X5: 0 | AA5: 0 | AB5: 0 | AC5: 0 | AD5: 0 | AE5: 0
A6: 4 | B6: 何彥璋 | C6: =SUM(D6:AG6) -> 11 | F6: 0 | G6: 0 | H6: 0 | I6: 0 | J6: 0 | N6: 0 | O6: 0 | P6: 0 | Q6: 0 | T6: 1 | U6: 4 | V6: 0 | W6: 0 | X6: 0 | AA6: 6 | AB6: 0 | AC6: 0 | AD6: 0 | AE6: 0
A7: 5 | B7: 吳嘉銘 | C7: =SUM(D7:AG7) -> 0 | F7: 0 | G7: 0 | H7: 0 | I7: 0 | J7: 0 | N7: 0 | O7: 0 | P7: 0 | Q7: 0 | T7: 0 | U7: 0 | V7: 0 | W7: 0 | X7: 0 | AA7: 0 | AB7: 0 | AC7: 0 | AD7: 0 | AE7: 0
A8: 6 | B8: 林詠書 | C8: =SUM(D8:AG8) -> 21 | F8: 0 | G8: 3 | H8: 2 | I8: 2 | J8: 2 | N8: 1 | O8: 0 | P8: 1 | Q8: 0 | T8: 1 | U8: 2 | V8: 0 | W8: 2 | X8: 1 | AA8: 1 | AB8: 0 | AC8: 2 | AD8: 1 | AE8: 0
A9: 7 | B9: 謝秉宏 | C9: =SUM(D9:AG9) -> 21 | F9: 2 | G9: 1 | H9: 0 | I9: 0 | J9: 0 | N9: 2 | O9: 2 | P9: 3 | Q9: 2 | T9: 2 | U9: 0 | V9: 0 | W9: 7 | X9: 0 | AA9: 0 | AB9: 0 | AC9: 0 | AD9: 0 | AE9: 0
A10: 8 | B10: 林建宏 | C10: =SUM(D10:AG10) -> 6 | F10: 0 | G10: 0 | H10: 0 | I10: 0 | J10: 0 | N10: 0 | O10: 0 | P10: 0 | Q10: 0 | T10: 0 | U10: 0 | V10: 0 | W10: 0 | X10: 0 | AA10: 6 | AB10: 0 | AC10: 0 | AD10: 0 | AE10: 0
A11: 9 | B11: 蘇景郁 | C11: =SUM(D11:AG11) -> 14 | F11: 0 | G11: 0 | H11: 6 | I11: 0 | J11: 0 | N11: 0 | O11: 0 | P11: 0 | Q11: 0 | T11: 2 | U11: 0 | V11: 0 | W11: 0 | X11: 0 | AA11: 6 | AB11: 0 | AC11: 0 | AD11: 0 | AE11: 0
A12: 10 | B12: 潘其昌 | C12: =SUM(D12:AG12) -> 0 | F12: 0 | G12: 0 | H12: 0 | I12: 0 | J12: 0 | N12: 0 | O12: 0 | P12: 0 | Q12: 0 | T12: 0 | U12: 0 | V12: 0 | W12: 0 | X12: 0 | AA12: 0 | AB12: 0 | AC12: 0 | AD12: 0 | AE12: 0
A13: 11 | B13: 陳俊男 | C13: =SUM(D13:AG13) -> 71 | F13: 0 | G13: 6 | H13: 0 | I13: 9 | J13: 0 | N13: 6 | O13: 8 | P13: 6 | Q13: 0 | T13: 6 | U13: 8 | V13: 0 | W13: 6 | X13: 0 | AA13: 8 | AB13: 0 | AC13: 8 | AD13: 0 | AE13: 0
A14: 12 | B14: 林政宏 | C14: =SUM(D14:AG14) -> 66 | F14: 0 | G14: 0 | H14: 8 | I14: 8 | J14: 8 | N14: 6 | O14: 8 | P14: 6 | Q14: 0 | T14: 0 | U14: 0 | V14: 0 | W14: 0 | X14: 0 | AA14: 8 | AB14: 0 | AC14: 8 | AD14: 6 | AE14: 0
... A16: 14 | B16: 劉益豪 | C16: =SUM(D16:AG16) -> 7 | F16: 0 | G16: 0 | H16: 0 | I16: 0 | J16: 0 | N16: 3 | O16: 3 | P16: 0 | Q16: 0 | T16: 0 | U16: 0 | V16: 0 | W16: 0 | X16: 0 | AA16: 0 | AB16: 1 | AC16: 0 | AD16: 0 | AE16: 0

Sheet TP出勤7月份
A1: TP出勤 | C1: 45474 | D1: 45475 | E1: 45476 | F1: 45477 | G1: 45478 | H1: 45479 | I1: 45480 | J1: 45481 | K1: 45482 | L1: 45483 | M1: 45484 | N1: 45485 | O1: 45486 | P1: 45487 | Q1: 45488 | R1: 45489 | S1: 45490 | T1: 45491 | U1: 45492 | V1: 45493 | W1: 45494 | X1: 45495 | Y1: 45496 | Z1: 45497 | AA1: 45498 | AB1: 45499 | AC1: 45500 | AD1: 45501 | AE1: 45502 | AF1: 45503 | AG1: 45504
A2: NO. | B2: 姓名
A3: 1 | B3: 郭先弘 | C3: 出差 | D3: 出差 | E3: 出差 | F3: 出差 | G3: 出差 | J3: 出差 | K3: 出差 | L3: 出差 | M3: 出差 | N3: 出差 | Q3: 出差 | R3: 出差 | S3: 出差 | T3: 出差 | U3: 出差 | X3: ✓ | Y3: ✓ | AB3: ✓ | AE3: ✓ | AF3: ✓ | AG3: 出差
A4: 2 | B4: 陳淑芬 | C4: 出差 | D4: 出差 | E4: 出差 | F4: 出差 | G4: 出差 | J4: 出差 | K4: 出差 | L4: 出差 | M4: 出差 | N4: 出差 | Q4: 出差 | R4: ✓ | S4: ✓ | T4: ◎ | U4: ✓ | X4: ✓ | Y4: ✓ | AB4: 特休 | AE4: ✓ | AF4: ✓ | AG4: 出差
A5: 3 | B5: 林世彬 | C5: ◎ | D5: ✓ | E5: ✓ | F5: ◎ | G5: ✓ | J5: ✓ | K5: ✓ | L5: ✓ | M5: 外出 | N5: ✓ | Q5: ✓ | R5: ✓ | S5: ✓ | T5: 外出 | U5: ✓ | X5: ✓ | Y5: ✓ | AB5: ✓ | AE5: ✓ | AF5: ✓ | AG5: ✓
A6: 4 | B6: 何彥璋 | C6: 出差 | D6: 出差 | E6: 出差 | F6: 出差 | G6: 出差 | J6: 出差 | K6: 出差 | L6: 出差 | M6: 出差 | N6: 出差 | Q6: 出差 | R6: 出差 | S6: 出差 | T6: 出差 | U6: 出差 | X6: 出差 | Y6: ✓ | AB6: ◎ | AE6: 出差 | AF6: 出差 | AG6: 出差
A7: 5 | B7: 吳嘉銘 | C7: 出差 | D7: 出差 | E7: 出差 | F7: 出差 | G7: 出差 | J7: 出差 | K7: 出差 | L7: 出差 | M7: 出差 | N7: 出差 | Q7: 出差 | R7: 出差 | S7: 出差 | T7: 出差 | U7: 出差 | X7: 出差 | Y7: ✓ | AB7: ✓ | AE7: 出差 | AF7: 出差 | AG7: 出差
A8: 6 | B8: 林詠書 | C8: ✓ | D8: ✓ | E8: ✓ | F8: ✓ | G8: ✓ | J8: ✓ | K8: ✓ | L8: ✓ | M8: ✓ | N8: ✓ | Q8: ✓ | R8: ✓ | S8: ✓ | T8: ✓ | U8: ✓ | X8: ✓ | Y8: ✓ | AB8: ◎ | AE8: ✓ | AF8: ✓ | AG8: ✓
A9: 7 | B9: 謝秉宏 | C9: ✓ | D9: ✓ | E9: ✓ | F9: ✓ | G9: ✓ | J9: ✓ | K9: △ | L9: ✓ | M9: ✓ | N9: △ | Q9: ✓ | R9: ✓ | S9: ✓ | T9: ✓ | U9: ✓ | X9: ✓ | Y9: ✓ | AB9: ◎ | AE9: ✓ | AF9: ✓ | AG9: ✓
A10: 8 | B10: 林建宏 | C10: 出差 | D10: 出差 | E10: 出差 | F10: 出差 | G10: 出差 | J10: 出差 | K10: 出差 | L10: 出差 | M10: 出差 | N10: 出差 | Q10: 出差 | R10: 出差 | S10: 出差 | T10: 出差 | U10: 出差 | X10: 出差 | Y10: 出差 | AB10: 出差 | AE10: ✓ | AF10: ✓ | AG10: ✓
A11: 9 | B11: 蘇景郁 | C11: 出差 | D11: 出差 | E11: 出差 | F11: 出差 | G11: 出差 | J11: 出差 | K11: 出差 | L11: 出差 | M11: 出差 | N11: 出差 | Q11: 出差 | R11: 出差 | S11: 出差 | T11: 出差 | U11: 出差 | X11: 出差 | Y11: ✓ | AB11: ✓ | AE11: ✓ | AF11: ◎ | AG11: 出差
A12: 10 | B12: 潘其昌 | C12: 出差 | D12: 出差 | E12: 出差 | F12: 出差 | G12: 出差 | J12: 出差 | K12: 出差 | L12: 出差 | M12: 出差 | N12: 出差 | Q12: 出差 | R12: 出差 | S12: 出差 | T12: 出差 | U12: 出差 | X12: 出差 | Y12: ✓ | AB12: ✓ | AE12: 出差 | AF12: 出差 | AG12: 出差
A13: 11 | B13: 陳俊男 | C13: 出差 | D13: ✓ | E13: ✓ | F13: ◎ | G13: ◎ | J13: 出差 | K13: 出差 | L13: 出差 | M13: 出差 | N13: 出差 | Q13: 出差 | R13: 出差 | S13: 出差 | T13: 出差 | U13: 出差 | X13: 出差 | Y13: ✓ | AB13: △ | AE13: ✓ | AF13: ✓ | AG13: ◎
A14: 12 | B14: 林政宏 | C14: 出差 | D14: 出差 | E14: 出差 | F14: 出差 | G14: 出差 | J14: 出差 | K14: 出差 | L14: 出差 | M14: 出差 | N14: 出差 | Q14: 出差 | R14: 出差 | S14: 出差 | T14: 出差 | U14: 出差 | X14: 出差 | Y14: 出差 | AB14: 出差 | AE14: 出差 | AF14: ◎ | AG14: ✓
A15: 13 | B15: 陸長遠 | C15: ✓ | D15: ✓ | E15: ✓ | F15: ✓ | AF15: ◎
A16: 13 | B16: 劉益豪 | C16: ✓ | D16: ✓ | E16: ✓ | F16: △ | G16: ✓ | J16: ✓ | K16: ✓ | L16: △ | M16: ✓ | N16: ✓ | Q16: ✓ | R16: ✓ | S16: ✓ | T16: ✓ | U16: ✓ | X16: ✓ | Y16: ✓ | AB16: ◎ | AE16: ✓ | AF16: ◎ | AG16: 出差
A17: ✓ | B17: 正常
A18: ◎ | B18: 補休
A19: △ | B19: 遲到
A21: 1.當年度6月後累計天數超過96單位(6天)之人員，定期通知提醒該員按時休假。
A22: 2.當年度年底(12/31)未休完之單位時數可累計至下年度前3個月使用，最高累計單位時數為112單位(7天)，超過則不採計。
A23: 3.第2項之天數未依規定休完則直接歸零計。
A24: 4.第2項之天數如因任務/出差等因素未休完則由主管依個案處理。
A25: 5.提報加班時數超過3單位請填寫上加班原因(例: 3單位，XXX專案DOE)。
A26: 6.請補休(填出勤確認單)最長連續時數以16單位(1天)為上限(填出勤單不要超過1天以上)。
A27: 7.此補休辦法(填出勤確認單)請大家一起維護，被人資發現告發後此單位時數一但被歸零則無法補發。

Sheet TP7月份請假
A1: TP請假 | C1: 7月累計 (0.5小時/單位) | D1: 45474 | E1: 45475 | F1: 45476 | G1: 45477 | H1: 45478 | I1: 45479 | J1: 45480 | K1: 45481 | L1: 45482 | M1: 45483 | N1: 45484 | O1: 45485 | P1: 45486 | Q1: 45487 | R1: 45488 | S1: 45489 | T1: 45490 | U1: 45491 | V1: 45492 | W1: 45493 | X1: 45494 | Y1: 45495 | Z1: 45496 | AA1: 45497 | AB1: 45498 | AC1: 45499 | AD1: 45500 | AE1: 45501 | AF1: 45502 | AG1: 45503 | AH1: 45504
A2: NO. | B2: 姓名
A3: 1 | B3: 郭先弘 | C3: =SUM(D3:AH3) -> 0 | D3: 0 | E3: 0 | F3: 0 | G3: 0 | H3: 0 | K3: 0 | L3: 0 | M3: 0 | N3: 0 | O3: 0 | R3: 0 | S3: 0 | T3: 0 | U3: 0 | V3: 0 | Y3: 0 | Z3: 0 | AA3: 0 | AB3: 0 | AC3: 0 | AF3: 0 | AG3: 0 | AH3: 0
A4: 2 | B4: 陳淑芬 | C4: =SUM(D4:AH4) -> 16 | D4: 0 | E4: 0 | F4: 0 | G4: 0 | H4: 0 | K4: 0 | L4: 0 | M4: 0 | N4: 0 | O4: 0 | R4: 0 | S4: 0 | T4: 0 | U4: 16 | V4: 0 | Y4: 0 | Z4: 0 | AA4: 0 | AB4: 0 | AC4: 0 | AF4: 0 | AG4: 0 | AH4: 0
A5: 3 | B5: 林世彬 | C5: =SUM(D5:AH5) -> 21 | D5: 5 | E5: 0 | F5: 0 | G5: 8 | H5: 0 | K5: 8 | L5: 0 | M5: 0 | N5: 0 | O5: 0 | R5: 0 | S5: 0 | T5: 0 | U5: 0 | V5: 0 | Y5: 0 | Z5: 0 | AA5: 0 | AB5: 0 | AC5: 0 | AF5: 0 | AG5: 0 | AH5: 0
A6: 4 | B6: 何彥璋 | C6: =SUM(D6:AH6) -> 16 | D6: 0 | E6: 0 | F6: 0 | G6: 0 | H6: 0 | K6: 0 | L6: 0 | M6: 0 | N6: 0 | O6: 0 | R6: 0 | S6: 0 | T6: 0 | U6: 0 | V6: 0 | Y6: 0 | Z6: 0 | AA6: 0 | AB6: 0 | AC6: 16 | AF6: 0 | AG6: 0 | AH6: 0
A7: 5 | B7: 吳嘉銘 | C7: =SUM(D7:AH7) -> 8 | D7: 0 | E7: 0 | F7: 0 | G7: 0 | H7: 0 | K7: 0 | L7: 0 | M7: 0 | N7: 0 | O7: 0 | R7: 0 | S7: 0 | T7: 0 | U7: 0 | V7: 0 | Y7: 0 | Z7: 0 | AA7: 0 | AB7: 0 | AC7: 8 | AF7: 0 | AG7: 0 | AH7: 0
A8: 6 | B8: 林詠書 | C8: =SUM(D8:AH8) -> 20 | D8: 0 | E8: 0 | F8: 0 | G8: 0 | H8: 0 | K8: 0 | L8: 0 | M8: 0 | N8: 0 | O8: 0 | R8: 0 | S8: 0 | T8: 4 | U8: 0 | V8: 0 | Y8: 0 | Z8: 0 | AA8: 0 | AB8: 0 | AC8: 16 | AF8: 0 | AG8: 0 | AH8: 0
A9: 7 | B9: 謝秉宏 | C9: =SUM(D9:AH9) -> 26 | D9: 0 | E9: 0 | F9: 0 | G9: 0 | H9: 8 | K9: 0 | L9: 1 | M9: 0 | N9: 0 | O9: 1 | R9: 0 | S9: 0 | T9: 0 | U9: 0 | V9: 0 | Y9: 0 | Z9: 0 | AA9: 0 | AB9: 0 | AC9: 16 | AF9: 0 | AG9: 0 | AH9: 0
A10: 8 | B10: 林建宏 | C10: =SUM(D10:AH10) -> 0 | D10: 0 | E10: 0 | F10: 0 | G10: 0 | H10: 0 | K10: 0 | L10: 0 | M10: 0 | N10: 0 | O10: 0 | R10: 0 | S10: 0 | T10: 0 | U10: 0 | V10: 0 | Y10: 0 | Z10: 0 | AA10: 0 | AB10: 0 | AC10: 0 | AF10: 0 | AG10: 0 | AH10: 0
A11: 9 | B11: 蘇景郁 | C11: =SUM(D11:AH11) -> 24 | D11: 0 | E11: 0 | F11: 0 | G11: 0 | H11: 0 | K11: 0 | L11: 0 | M11: 0 | N11: 0 | O11: 0 | R11: 0 | S11: 0 | T11: 0 | U11: 0 | V11: 0 | Y11: 0 | Z11: 0 | AA11: 0 | AB11: 0 | AC11: 8 | AF11: 0 | AG11: 16 | AH11: 0
A12: 10 | B12: 潘其昌 | C12: =SUM(D12:AH12) -> 0 | D12: 0 | E12: 0 | F12: 0 | G12: 0 | H12: 0 | K12: 0 | L12: 0 | M12: 0 | N12: 0 | O12: 0 | R12: 0 | S12: 0 | T12: 0 | U12: 0 | V12: 0 | Y12: 0 | Z12: 0 | AA12: 0 | AB12: 0 | AC12: 0 | AF12: 0 | AG12: 0 | AH12: 0
A13: 11 | B13: 陳俊男 | C13: =SUM(D13:AH13) -> 49 | D13: 0 | E13: 0 | F13: 0 | G13: 16 | H13: 16 | K13: 0 | L13: 0 | M13: 0 | N13: 0 | O13: 0 | R13: 0 | S13: 0 | T13: 0 | U13: 0 | V13: 0 | Y13: 0 | Z13: 0 | AA13: 0 | AB13: 0 | AC13: 1 | AF13: 0 | AG13: 0 | AH13: 16
A14: 12 | B14: 林政宏 | C14: =SUM(D14:AH14) -> 16 | D14: 0 | E14: 0 | F14: 0 | G14: 0 | H14: 0 | K14: 0 | L14: 0 | M14: 0 | N14: 0 | O14: 0 | R14: 0 | S14: 0 | T14: 0 | U14: 0 | V14: 0 | Y14: 0 | Z14: 0 | AA14: 0 | AB14: 0 | AC14: 0 | AF14: 0 | AG14: 16 | AH14: 0
A15: 13 | B15: 陸長遠 | C15: =SUM(D15:AH15) -> 16 | D15: 0 | E15: 0 | F15: 0 | K15: 0 | L15: 0 | M15: 0 | N15: 0 | O15: 0 | R15: 0 | S15: 0 | T15: 0 | U15: 0 | V15: 0 | Y15: 0 | Z15: 0 | AA15: 0 | AB15: 0 | AC15: 0 | AF15: 0 | AG15: 16 | AH15: 0
A16: 13 | B16: 劉益豪 | C16: =SUM(D16:AH16) -> 48 | D16: 0 | E16: 0 | F16: 0 | G16: 1 | H16: 8 | K16: 0 | L16: 0 | M16: 1 | N16: 6 | O16: 0 | R16: 0 | S16: 0 | T16: 0 | U16: 0 | V16: 0 | Y16: 0 | Z16: 0 | AA16: 0 | AB16: 0 | AC16: 16 | AF16: 0 | AG16: 16 | AH16: 0

Sheet TP7月份加班
A1: TP加班 | C1: 7月累計 (0.5小時/單位) | D1: 45474 | E1: 45475 | F1: 45476 | G1: 45477 | H1: 45478 | I1: 45479 | J1: 45480 | K1: 45481 | L1: 45482 | M1: 45483 | N1: 45484 | O1: 45485 | P1: 45486 | Q1: 45487 | R1: 45488 | S1: 45489 | T1: 45490 | U1: 45491 | V1: 45492 | W1: 45493 | X1: 45494 | Y1: 45495 | Z1: 45496 | AA1: 45497 | AB1: 45498 | AC1: 45499 | AD1: 45500 | AE1: 45501 | AF1: 45502 | AG1: 45503 | AH1: 45504
A2: NO. | B2: 姓名
A3: 1 | B3: 郭先弘 | C3: =SUM(D3:AH3) -> 0 | D3: 0 | E3: 0 | F3: 0 | G3: 0 | H3: 0 | K3: 0 | L3: 0 | M3: 0 | N3: 0 | O3: 0 | R3: 0 | S3: 0 | T3: 0 | U3: 0 | V3: 0 | Y3: 0 | Z3: 0 | AA3: 0 | AB3: 0 | AC3: 0 | AF3: 0 | AG3: 0 | AH3: 0
A4: 2 | B4: 陳淑芬 | C4: =SUM(D4:AH4) -> 0 | D4: 0 | E4: 0 | F4: 0 | G4: 0 | H4: 0 | K4: 0 | L4: 0 | M4: 0 | N4: 0 | O4: 0 | R4: 0 | S4: 0 | T4: 0 | U4: 0 | V4: 0 | Y4: 0 | Z4: 0 | AA4: 0 | AB4: 0 | AC4: 0 | AF4: 0 | AG4: 0 | AH4: 0
A5: 3 | B5: 林世彬 | C5: =SUM(D5:AH5) -> 0 | D5: 0 | E5: 0 | F5: 0 | G5: 0 | H5: 0 | K5: 0 | L5: 0 | M5: 0 | N5: 0 | O5: 0 | R5: 0 | S5: 0 | T5: 0 | U5: 0 | V5: 0 | Y5: 0 | Z5: 0 | AA5: 0 | AB5: 0 | AC5: 0 | AF5: 0 | AG5: 0 | AH5: 0
A6: 4 | B6: 何彥璋 | C6: =SUM(D6:AH6) -> 1 | D6: 0 | E6: 1 | F6: 0 | G6: 0 | H6: 0 | K6: 0 | L6: 0 | M6: 0 | N6: 0 | O6: 0 | R6: 0 | S6: 0 | T6: 0 | U6: 0 | V6: 0 | Y6: 0 | Z6: 0 | AA6: 0 | AB6: 0 | AC6: 0 | AF6: 0 | AG6: 0 | AH6: 0
A7: 5 | B7: 吳嘉銘 | C7: =SUM(D7:AH7) -> 1 | D7: 0 | E7: 0 | F7: 0 | G7: 0 | H7: 0 | K7: 0 | L7: 0 | M7: 1 | N7: 0 | O7: 0 | R7: 0 | S7: 0 | T7: 0 | U7: 0 | V7: 0 | Y7: 0 | Z7: 0 | AA7: 0 | AB7: 0 | AC7: 0 | AF7: 0 | AG7: 0 | AH7: 0
A8: 6 | B8: 林詠書 | C8: =SUM(D8:AH8) -> 17 | D8: 1 | E8: 1 | F8: 1 | G8: 1 | H8: 1 | K8: 0 | L8: 0 | M8: 0 | N8: 2 | O8: 0 | R8: 1 | S8: 2 | T8: 0 | U8: 2 | V8: 0 | Y8: 1 | Z8: 1 | AA8: 0 | AB8: 0 | AC8: 0 | AF8: 1 | AG8: 1 | AH8: 1
A9: 7 | B9: 謝秉宏 | C9: =SUM(D9:AH9) -> 15 | D9: 0 | E9: 0 | F9: 0 | G9: 0 | H9: 0 | K9: 0 | L9: 0 | M9: 4 | N9: 0 | O9: 0 | R9: 0 | S9: 0 | T9: 0 | U9: 6 | V9: 0 | Y9: 0 | Z9: 0 | AA9: 0 | AB9: 0 | AC9: 0 | AF9: 0 | AG9: 5 | AH9: 0
A10: 8 | B10: 林建宏 | C10: =SUM(D10:AH10) -> 0 | D10: 0 | E10: 0 | F10: 0 | G10: 0 | H10: 0 | K10: 0 | L10: 0 | M10: 0 | N10: 0 | O10: 0 | R10: 0 | S10: 0 | T10: 0 | U10: 0 | V10: 0 | Y10: 0 | Z10: 0 | AA10: 0 | AB10: 0 | AC10: 0 | AF10: 0 | AG10: 0 | AH10: 0
A11: 9 | B11: 蘇景郁 | C11: =SUM(D11:AH11) -> 0 | D11: 0 | E11: 0 | F11: 0 | G11: 0 | H11: 0 | K11: 0 | L11: 0 | M11: 0 | N11: 0 | O11: 0 | R11: 0 | S11: 0 | T11: 0 | U11: 0 | V11: 0 | Y11: 0 | Z11: 0 | AA11: 0 | AB11: 0 | AC11: 0 | AF11: 0 | AG11: 0 | AH11: 0
A12: 10 | B12: 潘其昌 | C12: =SUM(D12:AH12) -> 0 | D12: 0 | E12: 0 | F12: 0 | G12: 0 | H12: 0 | K12: 0 | L12: 0 | M12: 0 | N12: 0 | O12: 0 | R12: 0 | S12: 0 | T12: 0 | U12: 0 | V12: 0 | Y12: 0 | Z12: 0 | AA12: 0 | AB12: 0 | AC12: 0 | AF12: 0 | AG12: 0 | AH12: 0
A13: 11 | B13: 陳俊男 | C13: =SUM(D13:AH13) -> 16 | D13: 0 | E13: 0 | F13: 0 | G13: 0 | H13: 0 | K13: 0 | L13: 0 | M13: 5 | N13: 6 | O13: 0 | R13: 5 | S13: 0 | T13: 0 | U13: 0 | V13: 0 | Y13: 0 | Z13: 0 | AA13: 0 | AB13: 0 | AC13: 0 | AF13: 0 | AG13: 0 | AH13: 0
A14: 12 | B14: 林政宏 | C14: =SUM(D14:AH14) -> 32 | D14: 0 | E14: 0 | F14: 5 | G14: 5 | H14: 5 | K14: 5 | L14: 7 | M14: 0 | N14: 0 | O14: 0 | R14: 0 | S14: 0 | T14: 0 | U14: 0 | V14: 0 | Y14: 0 | Z14: 0 | AA14: 0 | AB14: 5 | AC14: 0 | AF14: 0 | AG14: 0 | AH14: 0
... A16: 13 | B16: 劉益豪 | C16: =SUM(D16:AH16) -> 0 | D16: 0 | E16: 0 | F16: 0 | G16: 0 | H16: 0 | K16: 0 | L16: 0 | M16: 0 | N16: 0 | O16: 0 | R16: 0 | S16: 0 | T16: 0 | U16: 0 | V16: 0 | Y16: 0 | Z16: 0 | AA16: 0 | AB16: 0 | AC16: 0 | AF16: 0 | AG16: 0 | AH16: 0

Sheet TP出勤8月份
A1: TP出勤 | C1: 45505 | D1: 45506 | E1: 45507 | F1: 45508 | G1: 45509 | H1: 45510 | I1: 45511 | J1: 45512 | K1: 45513 | L1: 45514 | M1: 45515 | N1: 45516 | O1: 45517 | P1: 45518 | Q1: 45519 | R1: 45520 | S1: 45521 | T1: 45522 | U1: 45523 | V1: 45524 | W1: 45525 | X1: 45526 | Y1: 45527 | Z1: 45528 | AA1: 45529 | AB1: 45530 | AC1: 45531 | AD1: 45532 | AE1: 45533 | AF1: 45534 | AG1: 45535
A2: NO. | B2: 姓名
A3: 1 | B3: 郭先弘 | C3: 出差 | D3: 出差 | G3: 出差 | H3: 出差 | I3: 出差 | J3: 出差 | K3: 出差 | N3: 出差 | O3: ✓ | P3: ◎ | Q3: 特休 | R3: 特休 | U3: ◎ | V3: 特休 | W3: 特休 | X3: 特休 | Y3: 特休 | AB3: ✓ | AC3: ✓ | AD3: ✓ | AE3: ✓ | AF3: ✓
A4: 2 | B4: 陳淑芬 | C4: 出差 | D4: 出差 | G4: 出差 | H4: 出差 | I4: 出差 | J4: 出差 | K4: 出差 | N4: 出差 | O4: ✓ | P4: ✓ | Q4: ✓ | R4: ✓ | U4: ✓ | V4: ✓ | W4: ✓ | X4: ✓ | Y4: ✓ | AB4: ✓ | AC4: ◎ | AD4: ✓ | AE4: ◎ | AF4: ✓
A5: 3 | B5: 林世彬 | C5: 外出 | D5: ✓ | G5: ✓ | H5: ✓ | I5: ✓ | J5: ✓ | K5: ✓ | N5: ✓ | O5: ✓ | P5: ✓ | Q5: ✓ | R5: ✓ | U5: △ | V5: ✓ | W5: ✓ | X5: ✓ | Y5: ✓ | AB5: ◎ | AC5: ✓ | AD5: ✓ | AE5: ✓ | AF5: ✓
A6: 4 | B6: 何彥璋 | C6: 出差 | D6: 出差 | G6: 出差 | H6: 出差 | I6: 出差 | J6: 出差 | K6: 出差 | N6: 出差 | O6: 出差 | P6: 出差 | Q6: 出差 | R6: 出差 | U6: 出差 | V6: 出差 | W6: 出差 | X6: 出差 | Y6: 出差 | AB6: 出差 | AC6: 出差 | AD6: 出差 | AE6: 出差 | AF6: 出差
A7: 5 | B7: 吳嘉銘 | C7: 出差 | D7: 出差 | G7: 出差 | H7: 出差 | I7: 出差 | J7: 出差 | K7: 出差 | N7: 出差 | O7: 出差 | P7: 出差 | Q7: 出差 | R7: 出差 | U7: 出差 | V7: 出差 | W7: 出差 | X7: 出差 | Y7: 出差 | AB7: 特休 | AC7: ◎ | AD7: ✓ | AE7: ✓ | AF7: ✓
A8: 6 | B8: 林詠書 | C8: ✓ | D8: ✓ | G8: ✓ | H8: ✓ | I8: ✓ | J8: ✓ | K8: ✓ | N8: ✓ | O8: ✓ | P8: ✓ | Q8: ✓ | R8: ✓ | U8: ✓ | V8: ✓ | W8: ✓ | X8: ✓ | Y8: ✓ | AB8: ◎ | AC8: ✓ | AD8: ✓ | AE8: ✓ | AF8: ✓
A9: 7 | B9: 謝秉宏 | C9: ✓ | D9: ✓ | G9: ✓ | H9: ✓ | I9: ✓ | J9: ◎ | K9: 特休 | N9: ◎ | O9: ✓ | P9: ✓ | Q9: ✓ | R9: ✓ | U9: ✓ | V9: ✓ | W9: ✓ | X9: ✓ | Y9: ✓ | AB9: ◎ | AC9: ✓ | AD9: ✓ | AE9: ✓ | AF9: ✓
A10: 8 | B10: 林建宏 | C10: ✓ | D10: ✓ | G10: 病假 | H10: 病假 | I10: ◎ | J10: ✓ | K10: 特休 | N10: ✓ | O10: ✓ | P10: ✓ | Q10: ✓ | R10: ✓ | U10: ✓ | V10: ✓ | W10: 特休 | X10: 特休 | Y10: ✓ | AB10: 喪假 | AC10: 特休 | AD10: ✓ | AE10: ✓ | AF10: ✓
A11: 9 | B11: 蘇景郁 | C11: 出差 | D11: 出差 | G11: 出差 | H11: 出差 | I11: 出差 | J11: 出差 | K11: 出差 | N11: 出差 | O11: 出差 | P11: 出差 | Q11: 出差 | R11: 出差 | U11: 出差 | V11: 出差 | W11: 出差 | X11: 出差 | Y11: 出差 | AB11: 出差 | AC11: 出差 | AD11: 出差 | AE11: 出差 | AF11: 出差
A12: 10 | B12: 潘其昌 | C12: 出差 | D12: 出差 | G12: 出差 | H12: 出差 | I12: 出差 | J12: 出差 | K12: 出差 | N12: 出差 | O12: 出差 | P12: 出差 | Q12: 出差 | R12: 出差 | U12: 出差 | V12: 出差 | W12: 出差 | X12: 出差 | Y12: 出差 | AB12: 出差 | AC12: 出差 | AD12: 出差 | AE12: 出差 | AF12: 出差
A13: 11 | B13: 陳俊男 | C13: 特休 | D13: 出差 | G13: ✓ | H13: ✓ | I13: ✓ | J13: ◎ | K13: ✓ | N13: ✓ | O13: ✓ | P13: ✓ | Q13: ✓ | R13: ✓ | U13: ✓ | V13: ✓ | W13: ✓ | X13: ✓ | Y13: ✓ | AB13: ◎ | AC13: ✓ | AD13: ✓ | AE13: ✓ | AF13: ✓
A14: 12 | B14: 林政宏 | C14: ◎ | D14: 出差 | G14: 出差 | H14: 出差 | I14: 出差 | J14: 出差 | K14: 出差 | N14: 出差 | O14: 出差 | P14: 出差 | Q14: 出差 | R14: 出差 | U14: 出差 | V14: 出差 | W14: 出差 | X14: 出差 | Y14: 出差 | AB14: 出差 | AC14: ✓ | AD14: ✓ | AE14: ✓ | AF14: ✓
A15: 13 | B15: 陸長遠 | D15: 出差 | G15: 出差 | H15: 出差 | I15: 出差 | J15: 出差 | K15: 出差 | N15: 出差 | O15: 出差 | P15: 出差 | Q15: 出差 | R15: 出差 | U15: 出差 | V15: 出差 | W15: 出差 | X15: 出差 | Y15: 出差 | AB15: 出差 | AC15: 出差 | AD15: 出差 | AE15: 出差 | AF15: 出差
A16: 13 | B16: 劉益豪 | C16: 出差 | D16: 出差 | G16: 出差 | H16: 出差 | I16: 出差 | J16: 出差 | K16: 出差 | N16: 出差 | O16: 出差 | P16: 出差 | Q16: 出差 | R16: 出差 | U16: 出差 | V16: 出差 | W16: 出差 | X16: 出差 | Y16: 出差 | AB16: 出差 | AC16: 出差 | AD16: 出差 | AE16: 出差 | AF16: 出差
A17: ✓ | B17: 正常
A18: ◎ | B18: 補休
A19: △ | B19: 遲到
A21: 1.當年度6月後累計天數超過96單位(6天)之人員，定期通知提醒該員按時休假。
A22: 2.當年度年底(12/31)未休完之單位時數可累計至下年度前3個月使用，最高累計單位時數為112單位(7天)，超過則不採計。
A23: 3.第2項之天數未依規定休完則直接歸零計。
A24: 4.第2項之天數如因任務/出差等因素未休完則由主管依個案處理。
A25: 5.提報加班時數超過3單位請填寫上加班原因(例: 3單位，XXX專案DOE)。
A26: 6.請補休(填出勤確認單)最長連續時數以16單位(1天)為上限(填出勤單不要超過1天以上)。
A27: 7.此補休辦法(填出勤確認單)請大家一起維護，被人資發現告發後此單位時數一但被歸零則無法補發。

Sheet TP8月份請假
A1: TP請假 | C1: 8月累計 (0.5小時/單位) | D1: 45505 | E1: 45506 | F1: 45507 | G1: 45508 | H1: 45509 | I1: 45510 | J1: 45511 | K1: 45512 | L1: 45513 | M1: 45514 | N1: 45515 | O1: 45516 | P1: 45517 | Q1: 45518 | R1: 45519 | S1: 45520 | T1: 45521 | U1: 45522 | V1: 45523 | W1: 45524 | X1: 45525 | Y1: 45526 | Z1: 45527 | AA1: 45528 | AB1: 45529 | AC1: 45530 | AD1: 45531 | AE1: 45532 | AF1: 45533 | AG1: 45534 | AH1: 45535
A2: NO. | B2: 姓名
A3: 1 | B3: 郭先弘 | C3: =SUM(D3:AH3) -> 0 | D3: 0 | E3: 0 | H3: 0 | I3: 0 | J3: 0 | K3: 0 | L3: 0 | O3: 0 | P3: 0 | Q3: 0 | R3: 0 | S3: 0 | V3: 0 | W3: 0 | X3: 0 | Y3: 0 | Z3: 0 | AC3: 0 | AD3: 0 | AE3: 0 | AF3: 0 | AG3: 0
A4: 2 | B4: 陳淑芬 | C4: =SUM(D4:AH4) -> 7 | D4: 0 | E4: 0 | H4: 0 | I4: 0 | J4: 0 | K4: 0 | L4: 0 | O4: 0 | P4: 0 | Q4: 0 | R4: 0 | S4: 0 | V4: 0 | W4: 0 | X4: 0 | Y4: 0 | Z4: 0 | AC4: 0 | AD4: 7 | AE4: 0 | AF4: 0 | AG4: 0
A5: 3 | B5: 林世彬 | C5: =SUM(D5:AH5) -> 9 | D5: 0 | E5: 0 | H5: 0 | I5: 0 | J5: 0 | K5: 0 | L5: 0 | O5: 0 | P5: 0 | Q5: 0 | R5: 0 | S5: 0 | V5: 2 | W5: 0 | X5: 0 | Y5: 0 | Z5: 0 | AC5: 7 | AD5: 0 | AE5: 0 | AF5: 0 | AG5: 0
A6: 4 | B6: 何彥璋 | C6: =SUM(D6:AH6) -> 0 | D6: 0 | E6: 0 | H6: 0 | I6: 0 | J6: 0 | K6: 0 | L6: 0 | O6: 0 | P6: 0 | Q6: 0 | R6: 0 | S6: 0 | V6: 0 | W6: 0 | X6: 0 | Y6: 0 | Z6: 0 | AC6: 0 | AD6: 0 | AE6: 0 | AF6: 0 | AG6: 0
A7: 5 | B7: 吳嘉銘 | C7: =SUM(D7:AH7) -> 16 | D7: 0 | E7: 0 | H7: 0 | I7: 0 | J7: 0 | K7: 0 | L7: 0 | O7: 0 | P7: 0 | Q7: 0 | R7: 0 | S7: 0 | V7: 0 | W7: 0 | X7: 0 | Y7: 0 | Z7: 0 | AC7: 0 | AD7: 16 | AE7: 0 | AF7: 0 | AG7: 0
A8: 6 | B8: 林詠書 | C8: =SUM(D8:AH8) -> 24 | D8: 0 | E8: 0 | H8: 0 | I8: 0 | J8: 0 | K8: 0 | L8: 0 | O8: 0 | P8: 0 | Q8: 0 | R8: 0 | S8: 0 | V8: 0 | W8: 0 | X8: 0 | Y8: 0 | Z8: 4 | AC8: 16 | AD8: 0 | AE8: 0 | AF8: 0 | AG8: 4
A9: 7 | B9: 謝秉宏 | C9: =SUM(D9:AH9) -> 48 | D9: 0 | E9: 0 | H9: 0 | I9: 0 | J9: 0 | K9: 16 | L9: 0 | O9: 16 | P9: 0 | Q9: 0 | R9: 0 | S9: 0 | V9: 0 | W9: 0 | X9: 0 | Y9: 0 | Z9: 0 | AC9: 16 | AD9: 0 | AE9: 0 | AF9: 0 | AG9: 0
A10: 8 | B10: 林建宏 | C10: =SUM(D10:AH10) -> 24 | D10: 0 | E10: 0 | H10: 0 | I10: 0 | J10: 16 | K10: 0 | L10: 0 | O10: 0 | P10: 0 | Q10: 0 | R10: 0 | S10: 8 | V10: 0 | W10: 0 | X10: 0 | Y10: 0 | Z10: 0 | AC10: 0 | AD10: 0 | AE10: 0 | AF10: 0 | AG10: 0
A11: 9 | B11: 蘇景郁 | C11: =SUM(D11:AH11) -> 0 | D11: 0 | E11: 0 | H11: 0 | I11: 0 | J11: 0 | K11: 0 | L11: 0 | O11: 0 | P11: 0 | Q11: 0 | R11: 0 | S11: 0 | V11: 0 | W11: 0 | X11: 0 | Y11: 0 | Z11: 0 | AC11: 0 | AD11: 0 | AE11: 0 | AF11: 0 | AG11: 0
A12: 10 | B12: 潘其昌 | C12: =SUM(D12:AH12) -> 0 | D12: 0 | E12: 0 | H12: 0 | I12: 0 | J12: 0 | K12: 0 | L12: 0 | O12: 0 | P12: 0 | Q12: 0 | R12: 0 | S12: 0 | V12: 0 | W12: 0 | X12: 0 | Y12: 0 | Z12: 0 | AC12: 0 | AD12: 0 | AE12: 0 | AF12: 0 | AG12: 0
A13: 11 | B13: 陳俊男 | C13: =SUM(D13:AH13) -> 32 | D13: 0 | E13: 0 | H13: 0 | I13: 0 | J13: 0 | K13: 16 | L13: 0 | O13: 0 | P13: 0 | Q13: 0 | R13: 0 | S13: 0 | V13: 0 | W13: 0 | X13: 0 | Y13: 0 | Z13: 0 | AC13: 16 | AD13: 0 | AE13: 0 | AF13: 0 | AG13: 0
A14: 12 | B14: 林政宏 | C14: =SUM(D14:AH14) -> 16 | D14: 16 | E14: 0 | H14: 0 | I14: 0 | J14: 0 | K14: 0 | L14: 0 | O14: 0 | P14: 0 | Q14: 0 | R14: 0 | S14: 0 | V14: 0 | W14: 0 | X14: 0 | Y14: 0 | Z14: 0 | AC14: 0 | AD14: 0 | AE14: 0 | AF14: 0 | AG14: 0
A15: 13 | B15: 陸長遠 | C15: =SUM(D15:AH15) -> 0 | D15: 0 | E15: 0 | H15: 0 | I15: 0 | J15: 0 | L15: 0 | O15: 0 | P15: 0 | Q15: 0 | R15: 0 | S15: 0 | V15: 0 | W15: 0 | X15: 0 | Y15: 0 | Z15: 0 | AC15: 0 | AD15: 0 | AE15: 0 | AF15: 0 | AG15: 0
A16: 13 | B16: 劉益豪 | C16: =SUM(D16:AH16) -> 0 | D16: 0 | E16: 0 | H16: 0 | I16: 0 | J16: 0 | K16: 0 | L16: 0 | O16: 0 | P16: 0 | Q16: 0 | R16: 0 | S16: 0 | V16: 0 | W16: 0 | X16: 0 | Y16: 0 | Z16: 0 | AC16: 0 | AD16: 0 | AE16: 0 | AF16: 0 | AG16: 0

Sheet TP8月份加班
A1: TP加班 | C1: 8月累計 (0.5小時/單位) | D1: 45505 | E1: 45506 | F1: 45507 | G1: 45508 | H1: 45509 | I1: 45510 | J1: 45511 | K1: 45512 | L1: 45513 | M1: 45514 | N1: 45515 | O1: 45516 | P1: 45517 | Q1: 45518 | R1: 45519 | S1: 45520 | T1: 45521 | U1: 45522 | V1: 45523 | W1: 45524 | X1: 45525 | Y1: 45526 | Z1: 45527 | AA1: 45528 | AB1: 45529 | AC1: 45530 | AD1: 45531 | AE1: 45532 | AF1: 45533 | AG1: 45534 | AH1: 45535
A2: NO. | B2: 姓名
A3: 1 | B3: 郭先弘 | C3: =SUM(D3:AH3) -> 0 | D3: 0 | E3: 0 | H3: 0 | I3: 0 | J3: 0 | K3: 0 | L3: 0 | O3: 0 | P3: 0 | Q3: 0 | R3: 0 | S3: 0 | V3: 0 | W3: 0 | X3: 0 | Y3: 0 | Z3: 0 | AC3: 0 | AD3: 0 | AE3: 0 | AF3: 0 | AG3: 0
A4: 2 | B4: 陳淑芬 | C4: =SUM(D4:AH4) -> 29 | D4: 0 | E4: 0 | H4: 0 | I4: 6 | J4: 6 | K4: 6 | L4: 6 | O4: 0 | P4: 2 | Q4: 0 | R4: 0 | S4: 0 | V4: 0 | W4: 1 | X4: 0 | Y4: 2 | Z4: 0 | AC4: 0 | AD4: 0 | AE4: 0 | AF4: 0 | AG4: 0
A5: 3 | B5: 林世彬 | C5: =SUM(D5:AH5) -> 6 | D5: 0 | E5: 0 | H5: 0 | I5: 0 | J5: 0 | K5: 0 | L5: 0 | O5: 0 | P5: 0 | Q5: 0 | R5: 0 | S5: 6 | V5: 0 | W5: 0 | X5: 0 | Y5: 0 | Z5: 0 | AC5: 0 | AD5: 0 | AE5: 0 | AF5: 0 | AG5: 0
A6: 4 | B6: 何彥璋 | C6: =SUM(D6:AH6) -> 20 | D6: 0 | E6: 0 | H6: 0 | I6: 0 | J6: 0 | K6: 0 | L6: 0 | O6: 0 | P6: 0 | Q6: 0 | R6: 0 | S6: 0 | V6: 0 | W6: 0 | X6: 0 | Y6: 4 | Z6: 0 | AC6: 4 | AD6: 4 | AE6: 4 | AF6: 4 | AG6: 0
A7: 5 | B7: 吳嘉銘 | C7: =SUM(D7:AH7) -> 6 | D7: 0 | E7: 0 | H7: 0 | I7: 0 | J7: 0 | K7: 0 | L7: 0 | O7: 0 | P7: 2 | Q7: 1 | R7: 0 | S7: 0 | V7: 0 | W7: 2 | X7: 0 | Y7: 1 | Z7: 0 | AC7: 0 | AD7: 0 | AE7: 0 | AF7: 0 | AG7: 0
A8: 6 | B8: 林詠書 | C8: =SUM(D8:AH8) -> 15 | D8: 1 | E8: 1 | H8: 1 | I8: 1 | J8: 1 | K8: 0 | L8: 1 | O8: 1 | P8: 0 | Q8: 2 | R8: 1 | S8: 1 | V8: 0 | W8: 1 | X8: 1 | Y8: 1 | Z8: 0 | AC8: 0 | AD8: 1 | AE8: 0 | AF8: 0 | AG8: 0
A9: 7 | B9: 謝秉宏 | C9: =SUM(D9:AH9) -> 28 | D9: 6 | E9: 0 | H9: 0 | I9: 0 | J9: 0 | K9: 0 | L9: 0 | O9: 0 | P9: 0 | Q9: 0 | R9: 6 | S9: 0 | V9: 0 | W9: 0 | X9: 4 | Y9: 6 | Z9: 6 | AC9: 0 | AD9: 0 | AE9: 0 | AF9: 0 | AG9: 0
A10: 8 | B10: 林建宏 | C10: =SUM(D10:AH10) -> 0 | D10: 0 | E10: 0 | H10: 0 | I10: 0 | J10: 0 | K10: 0 | L10: 0 | O10: 0 | P10: 0 | Q10: 0 | R10: 0 | S10: 0 | V10: 0 | W10: 0 | X10: 0 | Y10: 0 | Z10: 0 | AC10: 0 | AD10: 0 | AE10: 0 | AF10: 0 | AG10: 0
A11: 9 | B11: 蘇景郁 | C11: =SUM(D11:AH11) -> 93 | D11: 0 | E11: 0 | H11: 0 | I11: 6 | J11: 2 | K11: 6 | L11: 6 | O11: 5 | P11: 5 | Q11: 8 | R11: 5 | S11: 7 | V11: 4 | W11: 4 | X11: 5 | Y11: 3 | Z11: 8 | AC11: 9 | AD11: 4 | AE11: 1 | AF11: 5 | AG11: 0
A12: 10 | B12: 潘其昌 | C12: =SUM(D12:AH12) -> 2 | D12: 0 | E12: 0 | H12: 0 | I12: 0 | J12: 0 | K12: 0 | L12: 0 | O12: 0 | P12: 0 | Q12: 0 | R12: 0 | S12: 0 | V12: 0 | W12: 0 | X12: 0 | Y12: 0 | Z12: 0 | AC12: 0 | AD12: 0 | AE12: 0 | AF12: 0 | AG12: 2
A13: 11 | B13: 陳俊男 | C13: =SUM(D13:AH13) -> 0 | D13: 0 | E13: 0 | H13: 0 | I13: 0 | J13: 0 | K13: 0 | L13: 0 | O13: 0 | P13: 0 | Q13: 0 | R13: 0 | S13: 0 | V13: 0 | W13: 0 | X13: 0 | Y13: 0 | Z13: 0 | AC13: 0 | AD13: 0 | AE13: 0 | AF13: 0 | AG13: 0
A14: 12 | B14: 林政宏 | C14: =SUM(D14:AH14) -> 0 | D14: 0 | E14: 0 | H14: 0 | I14: 0 | J14: 0 | K14: 0 | L14: 0 | O14: 0 | P14: 0 | Q14: 0 | R14: 0 | S14: 0 | V14: 0 | W14: 0 | X14: 0 | Y14: 0 | Z14: 0 | AC14: 0 | AD14: 0 | AE14: 0 | AF14: 0 | AG14: 0
... A16: 13 | B16: 劉益豪 | C16: =SUM(D16:AH16) -> 85 | D16: 0 | E16: 0 | H16: 0 | I16: 1 | J16: 2 | K16: 8 | L16: 6 | O16: 5 | P16: 5 | Q16: 8 | R16: 5 | S16: 6 | V16: 0 | W16: 4 | X16: 5 | Y16: 3 | Z16: 8 | AC16: 9 | AD16: 4 | AE16: 1 | AF16: 5 | AG16: 0

Sheet TP出勤9月份
A1: TP出勤 | C1: 45536 | D1: 45537 | E1: 45538 | F1: 45539 | G1: 45540 | H1: 45541 | I1: 45542 | J1: 45543 | K1: 45544 | L1: 45545 | M1: 45546 | N1: 45547 | O1: 45548 | P1: 45549 | Q1: 45550 | R1: 45551 | S1: 45552 | T1: 45553 | U1: 45554 | V1: 45555 | W1: 45556 | X1: 45557 | Y1: 45558 | Z1: 45559 | AA1: 45560 | AB1: 45561 | AC1: 45562 | AD1: 45563 | AE1: 45564 | AF1: 45565
A2: NO. | B2: 姓名
A3: 1 | B3: 郭先弘 | D3: ✓ | E3: ✓ | F3: ✓ | G3: ✓ | H3: ✓ | K3: ✓ | L3: ✓ | M3: ✓ | N3: ✓ | O3: ✓ | R3: ◎ | T3: ✓ | U3: 出差 | V3: 出差 | Y3: 出差 | Z3: 出差 | AA3: 出差 | AB3: 出差 | AC3: 出差 | AF3: 出差
A4: 2 | B4: 陳淑芬 | D4: ✓ | E4: ✓ | F4: ✓ | G4: ✓ | H4: ✓ | K4: ✓ | L4: ✓ | M4: ✓ | N4: ✓ | O4: ✓ | R4: ◎ | T4: ✓ | U4: ✓ | V4: ✓ | Y4: ✓ | Z4: ✓ | AA4: ✓ | AB4: ✓ | AC4: ✓ | AF4: ✓
A5: 3 | B5: 林世彬 | D5: ✓ | E5: ✓ | F5: ✓ | G5: ✓ | H5: ✓ | K5: ◎ | L5: ✓ | M5: ✓ | N5: ✓ | O5: ✓ | R5: ✓ | T5: ✓ | U5: ✓ | V5: ✓ | Y5: ✓ | Z5: ✓ | AA5: ✓ | AB5: ✓ | AC5: ✓ | AF5: ✓
A6: 4 | B6: 何彥璋 | D6: ✓ | E6: ✓ | F6: ✓ | G6: ◎ | H6: 出差 | K6: 出差 | L6: 出差 | M6: 出差 | N6: 出差 | O6: 出差 | R6: 出差 | T6: 出差 | U6: 出差 | V6: 出差 | Y6: 出差 | Z6: 出差 | AA6: 出差 | AB6: 出差 | AC6: 出差 | AF6: 出差
A7: 5 | B7: 吳嘉銘 | D7: ✓ | E7: ✓ | F7: ✓ | G7: ✓ | H7: ✓ | K7: ✓ | L7: ✓ | M7: ✓ | N7: ✓ | O7: ✓ | R7: ✓ | T7: ◎ | U7: 出差 | V7: 出差 | Y7: 出差 | Z7: 出差 | AA7: 出差 | AB7: 出差 | AC7: 出差 | AF7: 出差
A8: 6 | B8: 林詠書 | D8: ✓ | E8: ✓ | F8: ✓ | G8: ✓ | H8: ✓ | K8: ◎ | L8: ✓ | M8: ✓ | N8: ✓ | O8: ✓ | R8: ✓ | T8: ◎ | U8: 特休 | V8: 特休 | Y8: ✓ | Z8: ✓ | AA8: ✓ | AB8: ✓ | AC8: ✓ | AF8: ✓
A9: 7 | B9: 謝秉宏 | D9: ✓ | E9: ✓ | F9: ✓ | G9: ✓ | H9: ✓ | K9: ✓ | L9: ✓ | M9: ✓ | N9: ✓ | O9: ✓ | R9: 特休 | T9: ◎ | U9: ✓ | V9: ✓ | Y9: ✓ | Z9: ✓ | AA9: ✓ | AB9: ✓ | AC9: ✓ | AF9: ✓
A10: 8 | B10: 林建宏 | D10: ✓ | E10: ✓ | F10: ✓ | G10: ✓ | H10: 特休 | K10: ◎ | L10: 請假 | M10: 請假 | N10: 請假 | O10: ✓ | R10: ✓ | T10: ✓ | U10: ✓ | V10: ✓ | Y10: ✓ | Z10: 喪假 | AA10: ✓ | AB10: ✓ | AC10: ✓ | AF10: ✓
A11: 9 | B11: 蘇景郁 | D11: ✓ | E11: 特休 | F11: ✓ | G11: ✓ | H11: ✓ | K11: ✓ | L11: ✓ | M11: ✓ | N11: ✓ | O11: ✓ | R11: ◎ | T11: ✓ | U11: ✓ | V11: ✓ | Y11: ✓ | Z11: ✓ | AA11: ✓ | AB11: ✓ | AC11: ✓ | AF11: ✓
A12: 10 | B12: 潘其昌 | D12: ✓ | E12: ✓ | F12: ✓ | G12: ✓ | H12: 出差 | K12: 出差 | L12: 出差 | M12: 出差 | N12: 出差 | O12: 出差 | R12: 出差 | T12: 出差 | U12: 出差 | V12: 出差 | Y12: 出差 | Z12: 出差 | AA12: 出差 | AB12: 出差 | AC12: 出差 | AF12: 出差
A13: 11 | B13: 陳俊男 | D13: ✓ | E13: ✓ | F13: △ | G13: ✓ | H13: ✓ | K13: ✓ | L13: ✓ | M13: ◎ | N13: ✓ | O13: ✓ | R13: ✓ | T13: ✓ | U13: ✓ | V13: ✓ | Y13: ✓ | Z13: ✓ | AA13: ✓ | AB13: ✓ | AC13: △ | AF13: ✓
A14: 12 | B14: 林政宏 | D14: ✓ | E14: ✓ | F14: ✓ | G14: ◎ | H14: 出差 | K14: 出差 | L14: 出差 | M14: 出差 | N14: 出差 | O14: 出差 | R14: 出差 | T14: 出差 | U14: 出差 | V14: 出差 | Y14: 出差 | Z14: 出差 | AA14: 出差 | AB14: 出差 | AC14: 出差 | AF14: 出差
A15: 13 | B15: 陸長遠 | D15: ✓ | E15: ✓ | F15: ✓ | H15: 出差 | K15: 出差 | L15: 出差 | M15: 出差 | N15: 出差 | O15: 出差 | R15: 出差 | T15: 出差 | U15: 出差 | V15: 出差 | Y15: 出差 | Z15: 出差 | AA15: 出差 | AB15: 出差 | AC15: 出差 | AF15: 出差
A16: 13 | B16: 劉益豪 | D16: ✓ | E16: △ | F16: ✓ | G16: ◎ | H16: 出差 | K16: 出差 | L16: 出差 | M16: 出差 | N16: 出差 | O16: 出差 | R16: 出差 | T16: 出差 | U16: 出差 | V16: 出差 | Y16: 出差 | Z16: 出差 | AA16: 出差 | AB16: 出差 | AC16: 出差 | AF16: ✓
A17: 14 | B17: 李威漢 | D17: NA | E17: NA | F17: NA | G17: NA | H17: NA | K17: ✓ | L17: ✓ | M17: ✓ | N17: ✓ | O17: ✓ | R17: ✓ | T17: ✓ | U17: ✓ | V17: ✓ | Y17: ✓ | Z17: ✓ | AA17: ✓ | AB17: ✓ | AC17: ✓ | AF17: ✓
A18: ✓ | B18: 正常
A19: ◎ | B19: 補休
A20: △ | B20: 遲到
A22: 1.當年度6月後累計天數超過96單位(6天)之人員，定期通知提醒該員按時休假。
A23: 2.當年度年底(12/31)未休完之單位時數可累計至下年度前3個月使用，最高累計單位時數為112單位(7天)，超過則不採計。
A24: 3.第2項之天數未依規定休完則直接歸零計。
A25: 4.第2項之天數如因任務/出差等因素未休完則由主管依個案處理。
A26: 5.提報加班時數超過3單位請填寫上加班原因(例: 3單位，XXX專案DOE)。
A27: 6.請補休(填出勤確認單)最長連續時數以16單位(1天)為上限(填出勤單不要超過1天以上)。
A28: 7.此補休辦法(填出勤確認單)請大家一起維護，被人資發現告發後此單位時數一但被歸零則無法補發。

Sheet TP9月份請假
A1: TP請假 | C1: 9月累計 (0.5小時/單位) | D1: 45536 | E1: 45537 | F1: 45538 | G1: 45539 | H1: 45540 | I1: 45541 | J1: 45542 | K1: 45543 | L1: 45544 | M1: 45545 | N1: 45546 | O1: 45547 | P1: 45548 | Q1: 45549 | R1: 45550 | S1: 45551 | T1: 45552 | U1: 45553 | V1: 45554 | W1: 45555 | X1: 45556 | Y1: 45557 | Z1: 45558 | AA1: 45559 | AB1: 45560 | AC1: 45561 | AD1: 45562 | AE1: 45563 | AF1: 45564 | AG1: 45565
A2: NO. | B2: 姓名
A3: 1 | B3: 郭先弘 | C3: =SUM(D3:AH3) -> 0 | E3: 0 | F3: 0 | G3: 0 | H3: 0 | I3: 0 | L3: 0 | M3: 0 | N3: 0 | O3: 0 | P3: 0 | S3: 0 | U3: 0 | V3: 0 | W3: 0 | Z3: 0 | AA3: 0 | AB3: 0 | AC3: 0 | AD3: 0 | AG3: 0
A4: 2 | B4: 陳淑芬 | C4: =SUM(D4:AH4) -> 35 | E4: 0 | F4: 7 | G4: 0 | H4: 0 | I4: 0 | L4: 0 | M4: 3 | N4: 4 | O4: 0 | P4: 0 | S4: 16 | U4: 0 | V4: 0 | W4: 5 | Z4: 0 | AA4: 0 | AB4: 0 | AC4: 0 | AD4: 0 | AG4: 0
A5: 3 | B5: 林世彬 | C5: =SUM(D5:AH5) -> 10 | E5: 0 | F5: 0 | G5: 0 | H5: 0 | I5: 0 | L5: 6 | M5: 0 | N5: 4 | O5: 0 | P5: 0 | S5: 0 | U5: 0 | V5: 0 | W5: 0 | Z5: 0 | AA5: 0 | AB5: 0 | AC5: 0 | AD5: 0 | AG5: 0
A6: 4 | B6: 何彥璋 | C6: =SUM(D6:AH6) -> 22 | E6: 6 | F6: 0 | G6: 0 | H6: 16 | I6: 0 | L6: 0 | M6: 0 | N6: 0 | O6: 0 | P6: 0 | S6: 0 | U6: 0 | V6: 0 | W6: 0 | Z6: 0 | AA6: 0 | AB6: 0 | AC6: 0 | AD6: 0 | AG6: 0
A7: 5 | B7: 吳嘉銘 | C7: =SUM(D7:AH7) -> 16 | E7: 0 | F7: 0 | G7: 0 | H7: 0 | I7: 0 | L7: 0 | M7: 0 | N7: 0 | O7: 0 | P7: 0 | S7: 0 | U7: 16 | V7: 0 | W7: 0 | Z7: 0 | AA7: 0 | AB7: 0 | AC7: 0 | AD7: 0 | AG7: 0
A8: 6 | B8: 林詠書 | C8: =SUM(D8:AH8) -> 36 | E8: 0 | F8: 0 | G8: 0 | H8: 0 | I8: 0 | L8: 16 | M8: 0 | N8: 0 | O8: 0 | P8: 0 | S8: 0 | U8: 16 | V8: 0 | W8: 0 | Z8: 0 | AA8: 0 | AB8: 0 | AC8: 0 | AD8: 4 | AG8: 0
A9: 7 | B9: 謝秉宏 | C9: =SUM(D9:AH9) -> 16 | E9: 0 | F9: 0 | G9: 0 | H9: 0 | I9: 0 | L9: 0 | M9: 0 | N9: 0 | O9: 0 | P9: 0 | S9: 0 | U9: 16 | V9: 0 | W9: 0 | Z9: 0 | AA9: 0 | AB9: 0 | AC9: 0 | AD9: 0 | AG9: 0
A10: 8 | B10: 林建宏 | C10: =SUM(D10:AH10) -> 4 | E10: 4 | F10: 0 | G10: 0 | H10: 0 | I10: 0 | L10: 0 | M10: 0 | N10: 0 | O10: 0 | P10: 0 | S10: 0 | U10: 0 | V10: 0 | W10: 0 | Z10: 0 | AA10: 0 | AB10: 0 | AC10: 0 | AD10: 0 | AG10: 0
A11: 9 | B11: 蘇景郁 | C11: =SUM(D11:AH11) -> 24 | E11: 0 | F11: 0 | G11: 0 | H11: 0 | I11: 0 | L11: 0 | M11: 0 | N11: 0 | O11: 0 | P11: 8 | S11: 16 | U11: 0 | V11: 0 | W11: 0 | Z11: 0 | AA11: 0 | AB11: 0 | AC11: 0 | AD11: 0 | AG11: 0
A12: 10 | B12: 潘其昌 | C12: =SUM(D12:AH12) -> 0 | E12: 0 | F12: 0 | G12: 0 | H12: 0 | I12: 0 | L12: 0 | M12: 0 | N12: 0 | O12: 0 | P12: 0 | S12: 0 | U12: 0 | V12: 0 | W12: 0 | Z12: 0 | AA12: 0 | AB12: 0 | AC12: 0 | AD12: 0 | AG12: 0
A13: 11 | B13: 陳俊男 | C13: =SUM(D13:AH13) -> 24 | E13: 0 | F13: 0 | G13: 4 | H13: 0 | I13: 0 | L13: 0 | M13: 0 | N13: 16 | O13: 0 | P13: 0 | S13: 0 | U13: 0 | V13: 0 | W13: 0 | Z13: 0 | AA13: 0 | AB13: 0 | AC13: 0 | AD13: 4 | AG13: 0
A14: 12 | B14: 林政宏 | C14: =SUM(D14:AH14) -> 16 | E14: 0 | F14: 0 | G14: 0 | H14: 16 | I14: 0 | L14: 0 | M14: 0 | N14: 0 | O14: 0 | P14: 0 | S14: 0 | U14: 0 | V14: 0 | W14: 0 | Z14: 0 | AA14: 0 | AB14: 0 | AC14: 0 | AD14: 0 | AG14: 0
... A17: 14 | B17: 李威漢 | C17: =SUM(D17:AH17) -> 0 | E17: 0 | F17: 0 | G17: 0 | H17: 0 | I17: 0 | L17: 0 | M17: 0 | N17: 0 | O17: 0 | P17: 0 | S17: 0 | U17: 0 | V17: 0 | W17: 0 | Z17: 0 | AA17: 0 | AB17: 0 | AC17: 0 | AD17: 0 | AG17: 0

Sheet TP9月份加班
A1: TP加班 | C1: 9月累計 (0.5小時/單位) | D1: 45536 | E1: 45537 | F1: 45538 | G1: 45539 | H1: 45540 | I1: 45541 | J1: 45542 | K1: 45543 | L1: 45544 | M1: 45545 | N1: 45546 | O1: 45547 | P1: 45548 | Q1: 45549 | R1: 45550 | S1: 45551 | T1: 45552 | U1: 45553 | V1: 45554 | W1: 45555 | X1: 45556 | Y1: 45557 | Z1: 45558 | AA1: 45559 | AB1: 45560 | AC1: 45561 | AD1: 45562 | AE1: 45563 | AF1: 45564 | AG1: 45565
A2: NO. | B2: 姓名
A3: 1 | B3: 郭先弘 | C3: =SUM(D3:AH3) -> 0 | E3: 0 | F3: 0 | G3: 0 | H3: 0 | I3: 0 | L3: 0 | M3: 0 | N3: 0 | O3: 0 | P3: 0 | S3: 0 | U3: 0 | V3: 0 | W3: 0 | Z3: 0 | AA3: 0 | AB3: 0 | AC3: 0 | AD3: 0 | AG3: 0
A4: 2 | B4: 陳淑芬 | C4: =SUM(D4:AH4) -> 0 | E4: 0 | F4: 0 | G4: 0 | H4: 0 | I4: 0 | L4: 0 | M4: 0 | N4: 0 | O4: 0 | P4: 0 | S4: 0 | U4: 0 | V4: 0 | W4: 0 | Z4: 0 | AA4: 0 | AB4: 0 | AC4: 0 | AD4: 0 | AG4: 0
A5: 3 | B5: 林世彬 | C5: =SUM(D5:AH5) -> 0 | E5: 0 | F5: 0 | G5: 0 | H5: 0 | I5: 0 | L5: 0 | M5: 0 | N5: 0 | O5: 0 | P5: 0 | S5: 0 | U5: 0 | V5: 0 | W5: 0 | Z5: 0 | AA5: 0 | AB5: 0 | AC5: 0 | AD5: 0 | AG5: 0
A6: 4 | B6: 何彥璋 | C6: =SUM(D6:AH6) -> 11 | E6: 2 | F6: 0 | G6: 1 | H6: 0 | I6: 0 | L6: 0 | M6: 0 | N6: 0 | O6: 4 | P6: 0 | S6: 0 | U6: 0 | V6: 4 | W6: 0 | Z6: 0 | AA6: 0 | AB6: 0 | AC6: 0 | AD6: 0 | AG6: 0
A7: 5 | B7: 吳嘉銘 | C7: =SUM(D7:AH7) -> 2 | E7: 0 | F7: 0 | G7: 0 | H7: 0 | I7: 0 | L7: 0 | M7: 0 | N7: 0 | O7: 0 | P7: 0 | S7: 0 | U7: 0 | V7: 0 | W7: 2 | Z7: 0 | AA7: 0 | AB7: 0 | AC7: 0 | AD7: 0 | AG7: 0
A8: 6 | B8: 林詠書 | C8: =SUM(D8:AH8) -> 6 | E8: 0 | F8: 0 | G8: 0 | H8: 1 | I8: 0 | L8: 0 | M8: 1 | N8: 1 | O8: 1 | P8: 0 | S8: 0 | U8: 0 | V8: 0 | W8: 0 | Z8: 0 | AA8: 0 | AB8: 1 | AC8: 1 | AD8: 0 | AG8: 0
A9: 7 | B9: 謝秉宏 | C9: =SUM(D9:AH9) -> 17 | E9: 0 | F9: 0 | G9: 0 | H9: 0 | I9: 0 | L9: 0 | M9: 0 | N9: 0 | O9: 7 | P9: 0 | S9: 0 | U9: 0 | V9: 0 | W9: 0 | Z9: 0 | AA9: 0 | AB9: 4 | AC9: 6 | AD9: 0 | AG9: 0
A10: 8 | B10: 林建宏 | C10: =SUM(D10:AH10) -> 0 | E10: 0 | F10: 0 | G10: 0 | H10: 0 | I10: 0 | L10: 0 | M10: 0 | N10: 0 | O10: 0 | P10: 0 | S10: 0 | U10: 0 | V10: 0 | W10: 0 | Z10: 0 | AA10: 0 | AB10: 0 | AC10: 0 | AD10: 0 | AG10: 0
A11: 9 | B11: 蘇景郁 | C11: =SUM(D11:AH11) -> 3 | E11: 0 | F11: 2 | G11: 0 | H11: 0 | I11: 0 | L11: 0 | M11: 0 | N11: 0 | O11: 0 | P11: 0 | S11: 0 | U11: 0 | V11: 0 | W11: 0 | Z11: 1 | AA11: 0 | AB11: 0 | AC11: 0 | AD11: 0 | AG11: 0
A12: 10 | B12: 潘其昌 | C12: =SUM(D12:AH12) -> 4 | D12: 4 | E12: 0 | F12: 0 | G12: 0 | H12: 0 | I12: 0 | L12: 0 | M12: 0 | N12: 0 | O12: 0 | P12: 0 | S12: 0 | U12: 0 | V12: 0 | W12: 0 | Z12: 0 | AA12: 0 | AB12: 0 | AC12: 0 | AD12: 0 | AG12: 0
A13: 11 | B13: 陳俊男 | C13: =SUM(D13:AH13) -> 0 | E13: 0 | F13: 0 | G13: 0 | H13: 0 | I13: 0 | L13: 0 | M13: 0 | N13: 0 | O13: 0 | P13: 0 | S13: 0 | U13: 0 | V13: 0 | W13: 0 | Z13: 0 | AA13: 0 | AB13: 0 | AC13: 0 | AD13: 0 | AG13: 0
A14: 12 | B14: 林政宏 | C14: =SUM(D14:AH14) -> 0 | E14: 0 | F14: 0 | G14: 0 | H14: 0 | I14: 0 | L14: 0 | M14: 0 | N14: 0 | O14: 0 | P14: 0 | S14: 0 | U14: 0 | V14: 0 | W14: 0 | Z14: 0 | AA14: 0 | AB14: 0 | AC14: 0 | AD14: 0 | AG14: 0
A15: 13 | B15: 陸長遠 | C15: =SUM(D15:AH15) -> 0 | E15: 0 | F15: 0 | G15: 0 | H15: 0 | I15: 0 | L15: 0 | M15: 0 | N15: 0 | O15: 0 | P15: 0 | S15: 0 | U15: 0 | V15: 0 | W15: 0 | Z15: 0 | AA15: 0 | AB15: 0 | AC15: 0 | AD15: 0 | AG15: 0
A16: 13 | B16: 劉益豪 | C16: =SUM(D16:AH16) -> 33 | E16: 0 | F16: 0 | G16: 9 | H16: 0 | I16: 0 | L16: 0 | M16: 0 | N16: 0 | O16: 6 | P16: 9 | S16: 0 | U16: 5 | V16: 4 | W16: 0 | Z16: 0 | AA16: 0 | AB16: 0 | AC16: 0 | AD16: 0 | AG16: 0
A17: 14 | B17: 李威漢 | C17: =SUM(D17:AH17) -> 0 | E17: 0 | F17: 0 | G17: 0 | H17: 0 | I17: 0 | L17: 0 | M17: 0 | N17: 0 | O17: 0 | P17: 0 | S17: 0 | U17: 0 | V17: 0 | W17: 0 | Z17: 0 | AA17: 0 | AB17: 0 | AC17: 0 | AG17: 0

Sheet TP出勤10月份
A1: TP出勤 | C1: 45566 | D1: 45567 | E1: 45568 | F1: 45569 | G1: 45570 | H1: 45571 | I1: 45572 | J1: 45573 | K1: 45574 | L1: 45575 | M1: 45576 | N1: 45577 | O1: 45578 | P1: 45579 | Q1: 45580 | R1: 45581 | S1: 45582 | T1: 45583 | U1: 45584 | V1: 45585 | W1: 45586 | X1: 45587 | Y1: 45588 | Z1: 45589 | AA1: 45590 | AB1: 45591 | AC1: 45592 | AD1: 45593 | AE1: 45594 | AF1: 45595 | AG1: 45596
A2: NO. | B2: 姓名
A3: 1 | B3: 郭先弘 | C3: ✓ | F3: ◎ | I3: ✓ | J3: ✓ | K3: ✓ | M3: ✓ | P3: ✓ | Q3: ✓ | R3: ✓ | S3: ✓ | T3: ✓ | W3: △ | X3: ✓ | Y3: ◎ | Z3: ✓ | AA3: ✓ | AD3: ◎ | AE3: ✓ | AF3: ✓
A4: 2 | B4: 陳淑芬 | C4: ✓ | F4: ✓ | I4: ✓ | J4: ✓ | K4: ✓ | M4: ◎ | P4: ✓ | Q4: ✓ | R4: ✓ | S4: ✓ | T4: ✓ | W4: ✓ | X4: ✓ | Y4: ✓ | Z4: ✓ | AA4: ✓ | AD4: ✓ | AE4: ✓ | AF4: 請假 | AG4: 請假
A5: 3 | B5: 林世彬 | C5: ✓ | F5: ✓ | I5: ✓ | J5: ◎ | K5: ✓ | M5: ✓ | P5: ✓ | Q5: ✓ | R5: ✓ | S5: ✓ | T5: ✓ | W5: ✓ | X5: ✓ | Y5: ✓ | Z5: ✓ | AA5: ✓ | AD5: ✓ | AE5: ✓ | AF5: ✓
A6: 4 | B6: 何彥璋 | C6: ✓ | F6: ✓ | I6: ✓ | J6: ✓ | K6: ✓ | M6: ✓ | P6: ✓ | Q6: ◎ | R6: ✓ | S6: ✓ | T6: ✓ | W6: ◎ | X6: ✓ | Y6: ✓ | Z6: ✓ | AA6: ✓ | AD6: ✓ | AE6: ✓ | AF6: ✓
A7: 5 | B7: 吳嘉銘 | C7: ✓ | F7: ✓ | I7: ✓ | J7: ✓ | K7: ✓ | M7: ◎ | P7: ✓ | Q7: ✓ | R7: ✓ | S7: ✓ | T7: ✓ | W7: ✓ | X7: ✓ | Y7: ✓ | Z7: ✓ | AA7: ✓ | AD7: 出差 | AE7: 出差 | AF7: 出差 | AG7: 出差
A8: 6 | B8: 林詠書 | C8: ✓ | F8: ✓ | I8: ◎ | J8: ✓ | K8: ✓ | M8: ✓ | P8: ◎ | Q8: ✓ | R8: ✓ | S8: ✓ | T8: ✓ | W8: ✓ | X8: ✓ | Y8: ✓ | Z8: ✓ | AA8: ✓ | AD8: ✓ | AE8: ◎ | AF8: ✓
A9: 7 | B9: 謝秉宏 | C9: ✓ | F9: ◎ | I9: ✓ | J9: ✓ | K9: ✓ | M9: ✓ | P9: ✓ | Q9: ✓ | R9: ✓ | S9: ✓ | T9: ✓ | W9: ✓ | X9: ✓ | Y9: ✓ | Z9: ✓ | AA9: ✓ | AD9: ✓ | AE9: ✓ | AF9: ✓
A10: 8 | B10: 林建宏 | C10: ✓ | F10: 請假 | I10: 請假 | J10: 請假 | K10: 請假 | M10: ✓ | P10: ✓ | Q10: ✓ | R10: ✓ | S10: ✓ | T10: ✓ | W10: 特休 | X10: ✓ | Y10: ✓ | Z10: ✓ | AA10: ✓ | AD10: ✓ | AE10: 請假 | AF10: ✓
A11: 9 | B11: 蘇景郁 | C11: ✓ | F11: ✓ | I11: ✓ | J11: ✓ | K11: ✓ | M11: ◎ | P11: ✓ | Q11: ✓ | R11: ✓ | S11: ✓ | T11: ✓ | W11: ✓ | X11: ✓ | Y11: ✓ | Z11: ✓ | AA11: ✓ | AD11: ✓ | AE11: ◎ | AF11: ✓
A12: 10 | B12: 潘其昌 | C12: ✓ | F12: ✓ | I12: ✓ | J12: ◎ | K12: ✓ | M12: ✓ | P12: ✓ | Q12: ✓ | R12: ✓ | S12: ✓ | T12: ✓ | W12: ✓ | X12: ✓ | Y12: ✓ | Z12: ✓ | AA12: ✓ | AD12: ✓ | AE12: ✓ | AF12: ✓
A13: 11 | B13: 陳俊男 | C13: ✓ | F13: ✓ | I13: ✓ | J13: ✓ | K13: ✓ | M13: △ | P13: ✓ | Q13: ✓ | R13: ✓ | S13: ✓ | T13: ◎ | W13: ✓ | X13: ✓ | Y13: ✓ | Z13: ✓ | AA13: ✓ | AD13: ✓ | AE13: ✓ | AF13: ✓
A14: 12 | B14: 林政宏 | C14: ✓ | F14: ✓ | I14: ✓ | J14: ✓ | K14: ✓ | M14: ✓ | P14: ✓ | Q14: ✓ | R14: ✓ | S14: ✓ | T14: ✓ | W14: ✓ | X14: ✓ | Y14: ✓ | Z14: ✓ | AA14: ✓ | AD14: ✓ | AE14: ✓ | AF14: ✓
A15: 13 | B15: 陸長遠 | C15: ✓ | F15: ✓ | I15: ✓ | J15: ✓ | K15: ✓ | M15: ✓ | P15: ✓ | Q15: ✓ | R15: ✓ | S15: ✓ | T15: ✓ | W15: ✓ | X15: ✓ | Y15: ✓ | Z15: ✓ | AA15: ✓ | AD15: ✓ | AE15: ✓ | AF15: ✓
A16: 13 | B16: 劉益豪 | C16: ✓ | F16: ◎ | I16: ✓ | J16: ✓ | K16: ✓ | M16: ✓ | P16: ✓ | Q16: ✓ | R16: △ | S16: ✓ | T16: ✓ | W16: ✓ | X16: △ | Y16: ✓ | Z16: ✓ | AA16: △ | AD16: ✓ | AE16: △ | AF16: ✓
A17: 14 | B17: 李威漢 | C17: ✓ | F17: ✓ | I17: ✓ | J17: ✓ | K17: ✓ | M17: ✓ | P17: ✓ | Q17: 外出 | R17: ✓ | S17: ✓ | T17: ✓ | W17: ✓ | X17: 外出 | Y17: ✓ | Z17: ✓ | AA17: ✓ | AD17: 出差 | AE17: 出差 | AF17: 出差 | AG17: 出差
A18: 15 | B18: 王挺翰 | C18: ✓ | F18: ✓ | I18: ✓ | J18: ✓ | K18: ✓ | M18: ✓ | P18: ✓ | Q18: ✓ | R18: ✓ | S18: ✓ | T18: ✓ | W18: ✓ | X18: ✓ | Y18: ✓ | Z18: ✓ | AA18: ✓ | AD18: 出差 | AE18: 出差 | AF18: 出差 | AG18: 出差
A19: ✓ | B19: 正常
A20: ◎ | B20: 補休
A21: △ | B21: 遲到
A23: 1.當年度6月後累計天數超過96單位(6天)之人員，定期通知提醒該員按時休假。
A24: 2.當年度年底(12/31)未休完之單位時數可累計至下年度前3個月使用，最高累計單位時數為112單位(7天)，超過則不採計。
A25: 3.第2項之天數未依規定休完則直接歸零計。
A26: 4.第2項之天數如因任務/出差等因素未休完則由主管依個案處理。
A27: 5.提報加班時數超過3單位請填寫上加班原因(例: 3單位，XXX專案DOE)。
A28: 6.請補休(填出勤確認單)最長連續時數以16單位(1天)為上限(填出勤單不要超過1天以上)。
A29: 7.此補休辦法(填出勤確認單)請大家一起維護，被人資發現告發後此單位時數一但被歸零則無法補發。

Sheet TP10月份請假
A1: TP請假 | C1: 10月累計 (0.5小時/單位) | D1: 45566 | E1: 45567 | F1: 45568 | G1: 45569 | H1: 45570 | I1: 45571 | J1: 45572 | K1: 45573 | L1: 45574 | M1: 45575 | N1: 45576 | O1: 45577 | P1: 45578 | Q1: 45579 | R1: 45580 | S1: 45581 | T1: 45582 | U1: 45583 | V1: 45584 | W1: 45585 | X1: 45586 | Y1: 45587 | Z1: 45588 | AA1: 45589 | AB1: 45590 | AC1: 45591 | AD1: 45592 | AE1: 45593 | AF1: 45594 | AG1: 45595 | AH1: 45596
A2: NO. | B2: 姓名
A3: 1 | B3: 郭先弘 | C3: =SUM(D3:AH3) -> 0 | D3: 0 | G3: 0 | J3: 0 | K3: 0 | L3: 0 | N3: 0 | Q3: 0 | R3: 0 | S3: 0 | T3: 0 | U3: 0 | X3: 0 | Y3: 0 | Z3: 0 | AA3: 0 | AB3: 0 | AE3: 0 | AF3: 0 | AG3: 0
A4: 2 | B4: 陳淑芬 | C4: =SUM(D4:AH4) -> 29 | D4: 0 | G4: 0 | J4: 0 | K4: 4 | L4: 2 | N4: 16 | Q4: 0 | R4: 3 | S4: 0 | T4: 0 | U4: 0 | X4: 0 | Y4: 0 | Z4: 0 | AA4: 0 | AB4: 0 | AE4: 0 | AF4: 4 | AG4: 0
A5: 3 | B5: 林世彬 | C5: =SUM(D5:AH5) -> 12 | D5: 0 | G5: 0 | J5: 0 | K5: 8 | L5: 0 | N5: 0 | Q5: 0 | R5: 0 | S5: 0 | T5: 0 | U5: 0 | X5: 0 | Y5: 0 | Z5: 0 | AA5: 0 | AB5: 0 | AE5: 2 | AF5: 2 | AG5: 0
A6: 4 | B6: 何彥璋 | C6: =SUM(D6:AH6) -> 32 | D6: 0 | G6: 0 | J6: 0 | K6: 0 | L6: 0 | N6: 0 | Q6: 0 | R6: 16 | S6: 0 | T6: 0 | U6: 0 | X6: 16 | Y6: 0 | Z6: 0 | AA6: 0 | AB6: 0 | AE6: 0 | AF6: 0 | AG6: 0
A7: 5 | B7: 吳嘉銘 | C7: =SUM(D7:AH7) -> 16 | D7: 0 | G7: 0 | J7: 0 | K7: 0 | L7: 0 | N7: 16 | Q7: 0 | R7: 0 | S7: 0 | T7: 0 | U7: 0 | X7: 0 | Y7: 0 | Z7: 0 | AA7: 0 | AB7: 0 | AE7: 0 | AF7: 0 | AG7: 0
A8: 6 | B8: 林詠書 | C8: =SUM(D8:AH8) -> 48 | D8: 0 | G8: 0 | J8: 16 | K8: 0 | L8: 0 | N8: 0 | Q8: 16 | R8: 0 | S8: 0 | T8: 0 | U8: 0 | X8: 0 | Y8: 0 | Z8: 0 | AA8: 0 | AB8: 0 | AE8: 0 | AF8: 16 | AG8: 0
A9: 7 | B9: 謝秉宏 | C9: =SUM(D9:AH9) -> 16 | D9: 0 | G9: 16 | J9: 0 | K9: 0 | L9: 0 | N9: 0 | Q9: 0 | R9: 0 | S9: 0 | T9: 0 | U9: 0 | X9: 0 | Y9: 0 | Z9: 0 | AA9: 0 | AB9: 0 | AE9: 0 | AF9: 0 | AG9: 0
A10: 8 | B10: 林建宏 | C10: =SUM(D10:AH10) -> 0 | D10: 0 | G10: 0 | J10: 0 | K10: 0 | L10: 0 | N10: 0 | Q10: 0 | R10: 0 | S10: 0 | T10: 0 | U10: 0 | X10: 0 | Y10: 0 | Z10: 0 | AA10: 0 | AB10: 0 | AE10: 0 | AF10: 0 | AG10: 0
A11: 9 | B11: 蘇景郁 | C11: =SUM(D11:AH11) -> 32 | D11: 0 | G11: 0 | J11: 0 | K11: 0 | L11: 0 | N11: 16 | Q11: 0 | R11: 0 | S11: 0 | T11: 0 | U11: 0 | X11: 0 | Y11: 0 | Z11: 0 | AA11: 0 | AB11: 0 | AE11: 0 | AF11: 16 | AG11: 0
A12: 10 | B12: 潘其昌 | C12: =SUM(D12:AH12) -> 16 | D12: 0 | G12: 0 | J12: 0 | K12: 16 | L12: 0 | N12: 0 | Q12: 0 | R12: 0 | S12: 0 | T12: 0 | U12: 0 | X12: 0 | Y12: 0 | Z12: 0 | AA12: 0 | AB12: 0 | AE12: 0 | AF12: 0 | AG12: 0
A13: 11 | B13: 陳俊男 | C13: =SUM(D13:AH13) -> 22 | D13: 0 | G13: 0 | J13: 0 | K13: 0 | L13: 0 | N13: 4 | Q13: 0 | R13: 0 | S13: 2 | T13: 0 | U13: 16 | X13: 0 | Y13: 0 | Z13: 0 | AA13: 0 | AB13: 0 | AE13: 0 | AF13: 0 | AG13: 0
A14: 12 | B14: 林政宏 | C14: =SUM(D14:AH14) -> 0 | D14: 0 | G14: 0 | J14: 0 | K14: 0 | L14: 0 | N14: 0 | Q14: 0 | R14: 0 | S14: 0 | T14: 0 | U14: 0 | X14: 0 | Y14: 0 | Z14: 0 | AA14: 0 | AB14: 0 | AE14: 0 | AF14: 0 | AG14: 0
... A18: 15 | B18: 王挺翰 | C18: =SUM(D18:AH18) -> 0 | D18: 0 | G18: 0 | J18: 0 | K18: 0 | L18: 0 | N18: 0 | Q18: 0 | R18: 0 | S18: 0 | T18: 0 | U18: 0 | X18: 0 | Y18: 0 | Z18: 0 | AA18: 0 | AB18: 0 | AE18: 0 | AF18: 0 | AG18: 0

Sheet TP10月份加班
A1: TP加班 | C1: 10月累計 (0.5小時/單位) | D1: 45566 | E1: 45567 | F1: 45568 | G1: 45569 | H1: 45570 | I1: 45571 | J1: 45572 | K1: 45573 | L1: 45574 | M1: 45575 | N1: 45576 | O1: 45577 | P1: 45578 | Q1: 45579 | R1: 45580 | S1: 45581 | T1: 45582 | U1: 45583 | V1: 45584 | W1: 45585 | X1: 45586 | Y1: 45587 | Z1: 45588 | AA1: 45589 | AB1: 45590 | AC1: 45591 | AD1: 45592 | AE1: 45593 | AF1: 45594 | AG1: 45595 | AH1: 45596
A2: NO. | B2: 姓名
A3: 1 | B3: 郭先弘 | C3: =SUM(D3:AH3) -> 0 | D3: 0 | G3: 0 | J3: 0 | K3: 0 | L3: 0 | N3: 0 | Q3: 0 | R3: 0 | S3: 0 | T3: 0 | U3: 0 | X3: 0 | Y3: 0 | Z3: 0 | AA3: 0 | AB3: 0 | AE3: 0 | AF3: 0 | AG3: 0
A4: 2 | B4: 陳淑芬 | C4: =SUM(D4:AH4) -> 0 | D4: 0 | G4: 0 | J4: 0 | K4: 0 | L4: 0 | N4: 0 | Q4: 0 | R4: 0 | S4: 0 | T4: 0 | U4: 0 | X4: 0 | Y4: 0 | Z4: 0 | AA4: 0 | AB4: 0 | AE4: 0 | AF4: 0 | AG4: 0
A5: 3 | B5: 林世彬 | C5: =SUM(D5:AH5) -> 0 | D5: 0 | G5: 0 | J5: 0 | K5: 0 | L5: 0 | N5: 0 | Q5: 0 | R5: 0 | S5: 0 | T5: 0 | U5: 0 | X5: 0 | Y5: 0 | Z5: 0 | AA5: 0 | AB5: 0 | AE5: 0 | AF5: 0 | AG5: 0
A6: 4 | B6: 何彥璋 | C6: =SUM(D6:AH6) -> 10 | D6: 4 | G6: 0 | J6: 2 | K6: 0 | L6: 0 | N6: 0 | Q6: 0 | R6: 0 | S6: 0 | T6: 4 | U6: 0 | X6: 0 | Y6: 0 | Z6: 0 | AA6: 0 | AB6: 0 | AE6: 0 | AF6: 0 | AG6: 0
A7: 5 | B7: 吳嘉銘 | C7: =SUM(D7:AH7) -> 8 | D7: 2 | G7: 0 | J7: 0 | K7: 0 | L7: 0 | N7: 0 | Q7: 0 | R7: 0 | S7: 0 | T7: 0 | U7: 0 | X7: 0 | Y7: 2 | Z7: 0 | AA7: 0 | AB7: 0 | AE7: 0 | AF7: 0 | AG7: 0 | AH7: 4
A8: 6 | B8: 林詠書 | C8: =SUM(D8:AH8) -> 20 | D8: 3 | G8: 1 | J8: 0 | K8: 1 | L8: 2 | N8: 1 | Q8: 0 | R8: 1 | S8: 2 | T8: 1 | U8: 0 | X8: 1 | Y8: 3 | Z8: 1 | AA8: 1 | AB8: 1 | AE8: 0 | AF8: 0 | AG8: 0 | AH8: 1
A9: 7 | B9: 謝秉宏 | C9: =SUM(D9:AH9) -> 11 | D9: 0 | G9: 0 | J9: 0 | K9: 0 | L9: 4 | N9: 0 | Q9: 0 | R9: 0 | S9: 0 | T9: 7 | U9: 0 | X9: 0 | Y9: 0 | Z9: 0 | AA9: 0 | AB9: 0 | AE9: 0 | AF9: 0 | AG9: 0
A10: 8 | B10: 林建宏 | C10: =SUM(D10:AH10) -> 0 | D10: 0 | G10: 0 | J10: 0 | K10: 0 | L10: 0 | N10: 0 | Q10: 0 | R10: 0 | S10: 0 | T10: 0 | U10: 0 | X10: 0 | Y10: 0 | Z10: 0 | AA10: 0 | AB10: 0 | AE10: 0 | AF10: 0 | AG10: 0
A11: 9 | B11: 蘇景郁 | C11: =SUM(D11:AH11) -> 2 | D11: 0 | G11: 0 | J11: 0 | K11: 0 | L11: 0 | N11: 0 | Q11: 0 | R11: 0 | S11: 0 | T11: 2 | U11: 0 | X11: 0 | Y11: 0 | Z11: 0 | AA11: 0 | AB11: 0 | AE11: 0 | AF11: 0 | AG11: 0
A12: 10 | B12: 潘其昌 | C12: =SUM(D12:AH12) -> 0 | D12: 0 | G12: 0 | J12: 0 | K12: 0 | L12: 0 | N12: 0 | Q12: 0 | R12: 0 | S12: 0 | T12: 0 | U12: 0 | X12: 0 | Y12: 0 | Z12: 0 | AA12: 0 | AB12: 0 | AE12: 0 | AF12: 0 | AG12: 0
A13: 11 | B13: 陳俊男 | C13: =SUM(D13:AH13) -> 0 | D13: 0 | G13: 0 | J13: 0 | K13: 0 | L13: 0 | N13: 0 | Q13: 0 | R13: 0 | S13: 0 | T13: 0 | U13: 0 | X13: 0 | Y13: 0 | Z13: 0 | AA13: 0 | AB13: 0 | AE13: 0 | AF13: 0 | AG13: 0
A14: 12 | B14: 林政宏 | C14: =SUM(D14:AH14) -> 0 | D14: 0 | G14: 0 | J14: 0 | K14: 0 | L14: 0 | N14: 0 | Q14: 0 | R14: 0 | S14: 0 | T14: 0 | U14: 0 | X14: 0 | Y14: 0 | Z14: 0 | AA14: 0 | AB14: 0 | AE14: 0 | AF14: 0 | AG14: 0
A15: 13 | B15: 陸長遠 | C15: =SUM(D15:AH15) -> 0 | D15: 0 | G15: 0 | J15: 0 | K15: 0 | L15: 0 | N15: 0 | Q15: 0 | R15: 0 | S15: 0 | T15: 0 | U15: 0 | X15: 0 | Y15: 0 | Z15: 0 | AA15: 0 | AB15: 0 | AE15: 0 | AF15: 0 | AG15: 0
A16: 13 | B16: 劉益豪 | C16: =SUM(D16:AH16) -> 0 | D16: 0 | G16: 0 | J16: 0 | K16: 0 | L16: 0 | N16: 0 | Q16: 0 | R16: 0 | S16: 0 | T16: 0 | U16: 0 | X16: 0 | Y16: 0 | Z16: 0 | AA16: 0 | AB16: 0 | AE16: 0 | AF16: 0 | AG16: 0
A17: 14 | B17: 李威漢 | C17: =SUM(D17:AH17) -> 10 | D17: 2 | G17: 0 | J17: 0 | K17: 0 | L17: 0 | N17: 0 | Q17: 0 | R17: 0 | S17: 0 | T17: 2 | U17: 0 | X17: 0 | Y17: 2 | Z17: 0 | AA17: 0 | AB17: 0 | AE17: 0 | AF17: 0 | AG17: 0 | AH17: 4
A18: 15 | B18: 王挺翰 | C18: =SUM(D18:AH18) -> 6 | Q18: 0 | R18: 0 | S18: 0 | T18: 2 | U18: 0 | X18: 0 | Y18: 0 | Z18: 0 | AA18: 0 | AB18: 0 | AE18: 0 | AF18: 0 | AG18: 0 | AH18: 4

Sheet TP出勤11月份
A1: TP出勤 | C1: 45597 | D1: 45598 | E1: 45599 | F1: 45600 | G1: 45601 | H1: 45602 | I1: 45603 | J1: 45604 | K1: 45605 | L1: 45606 | M1: 45607 | N1: 45608 | O1: 45609 | P1: 45610 | Q1: 45611 | R1: 45612 | S1: 45613 | T1: 45614 | U1: 45615 | V1: 45616 | W1: 45617 | X1: 45618 | Y1: 45619 | Z1: 45620 | AA1: 45621 | AB1: 45622 | AC1: 45623 | AD1: 45624 | AE1: 45625 | AF1: 45626
A2: NO. | B2: 姓名
A3: 1 | B3: 郭先弘 | C3: ✓ | F3: ✓ | G3: ✓ | H3: ✓ | I3: ✓ | J3: ✓ | M3: ✓ | N3: ✓ | O3: ✓ | P3: ✓ | Q3: ✓ | T3: ✓ | U3: ✓ | V3: ✓ | W3: ✓ | X3: ✓ | AA3: 出差 | AB3: 出差 | AC3: 出差 | AD3: 出差 | AE3: 出差
A4: 2 | B4: 陳淑芬 | C4: 請假 | F4: 請假 | G4: 請假 | H4: 請假 | I4: 請假 | J4: 請假 | M4: ✓ | N4: ✓ | O4: ✓ | P4: ✓ | Q4: ✓ | T4: △ | U4: ✓ | V4: △ | W4: ✓ | X4: ✓ | AA4: ✓ | AB4: ✓ | AC4: ✓ | AD4: ✓ | AE4: ✓
A5: 3 | B5: 林世彬 | C5: ✓ | F5: ✓ | G5: ✓ | H5: ✓ | I5: ✓ | J5: ✓ | M5: ✓ | N5: ✓ | O5: ✓ | P5: ✓ | Q5: ✓ | T5: ✓ | U5: ✓ | V5: ✓ | W5: ✓ | X5: ✓ | AA5: ✓ | AB5: ✓ | AC5: ✓ | AD5: ✓ | AE5: ✓
A6: 4 | B6: 何彥璋 | C6: ✓ | F6: ✓ | G6: ✓ | H6: ✓ | I6: ✓ | J6: ✓ | M6: ✓ | N6: ✓ | O6: ✓ | P6: ✓ | Q6: ✓ | T6: ✓ | U6: ✓ | V6: ✓ | W6: ◎ | X6: 出差 | AA6: 出差 | AB6: 出差 | AC6: 出差 | AD6: 出差 | AE6: 出差
A7: 5 | B7: 吳嘉銘 | C7: 出差 | F7: 出差 | G7: 出差 | H7: 出差 | I7: 出差 | J7: 出差 | M7: 出差 | N7: ✓ | O7: ✓ | P7: ✓ | Q7: ✓ | T7: ✓ | U7: ✓ | V7: ✓ | W7: ✓ | X7: ✓ | AA7: ✓ | AB7: ✓ | AC7: ✓ | AD7: ✓ | AE7: ✓
A8: 6 | B8: 林詠書 | C8: ✓ | F8: ✓ | G8: ✓ | H8: ✓ | I8: ✓ | J8: ✓ | M8: ◎ | N8: ✓ | O8: ✓ | P8: ✓ | Q8: ✓ | T8: ✓ | U8: ✓ | V8: ✓ | W8: ✓ | X8: ✓ | AA8: ✓ | AB8: ✓ | AC8: ◎ | AD8: ✓ | AE8: ✓
A9: 7 | B9: 謝秉宏 | C9: ✓ | F9: 出差 | G9: 出差 | H9: 出差 | I9: 出差 | J9: 出差 | M9: 出差 | N9: 出差 | O9: 出差 | P9: 出差 | Q9: 出差 | T9: 出差 | U9: 出差 | V9: 出差 | W9: 出差 | X9: 出差 | AA9: 出差 | AB9: 出差 | AC9: 出差 | AD9: 出差 | AE9: 出差
A10: 8 | B10: 林建宏 | C10: ✓ | F10: ✓ | G10: ✓ | H10: ✓ | I10: ✓ | J10: ✓ | M10: ✓ | N10: ✓ | O10: ✓ | P10: ✓ | Q10: 請假 | T10: ✓ | U10: ✓ | V10: ✓ | W10: ✓ | X10: ✓ | AA10: ✓ | AB10: ✓ | AC10: ✓ | AD10: ✓ | AE10: ✓
A11: 9 | B11: 蘇景郁 | C11: ✓ | F11: ✓ | G11: ✓ | H11: ✓ | I11: ✓ | J11: ✓ | M11: ✓ | N11: ✓ | O11: ✓ | P11: ✓ | Q11: ✓ | T11: ◎ | U11: ✓ | V11: ✓ | W11: ✓ | X11: ✓ | AA11: ✓ | AB11: ✓ | AC11: ✓ | AD11: ✓ | AE11: ✓
A12: 10 | B12: 潘其昌 | C12: ◎ | F12: 出差 | G12: 出差 | H12: 出差 | I12: 出差 | J12: 出差 | M12: 出差 | N12: 出差 | O12: 出差 | P12: 出差 | Q12: 出差 | T12: 出差 | U12: 出差 | V12: 出差 | W12: 出差 | X12: 出差 | AA12: 出差 | AB12: 出差 | AC12: 出差 | AD12: 出差 | AE12: 出差
A13: 11 | B13: 陳俊男 | C13: ✓ | F13: ✓ | G13: ✓ | H13: ✓ | I13: ✓ | J13: ◎ | M13: ✓ | N13: ✓ | O13: ✓ | P13: ✓ | Q13: ✓ | T13: ✓ | U13: ✓ | V13: ✓ | W13: ✓ | X13: ✓ | AA13: ✓ | AB13: ✓ | AC13: ✓ | AD13: ✓ | AE13: ✓
A14: 12 | B14: 林政宏 | C14: ✓ | F14: 出差 | G14: 出差 | H14: 出差 | I14: 出差 | J14: 出差 | M14: 出差 | N14: 出差 | O14: 出差 | P14: 出差 | Q14: 出差 | T14: 出差 | U14: 出差 | V14: 出差 | W14: 出差 | X14: 出差 | AA14: 出差 | AB14: 出差 | AC14: 出差 | AD14: 出差 | AE14: 出差
A15: 13 | B15: 陸長遠 | C15: ✓ | F15: ✓
A16: 13 | B16: 劉益豪 | C16: ✓ | F16: ✓ | G16: ✓ | H16: ✓ | I16: ✓ | J16: ✓ | M16: ✓ | N16: ✓ | O16: ✓ | P16: ✓ | Q16: ✓ | T16: ✓ | U16: ✓ | V16: ✓ | W16: ✓ | X16: ✓ | AA16: ✓ | AB16: ✓ | AC16: ✓ | AD16: ✓ | AE16: △
A17: 14 | B17: 李威漢 | C17: 出差 | F17: 出差 | G17: 出差 | H17: 出差 | I17: 出差 | J17: 出差 | M17: 出差 | N17: ✓ | O17: ✓ | P17: ✓ | Q17: ✓ | T17: ✓ | U17: ✓ | V17: ✓ | W17: ✓ | X17: ◎ | AA17: ✓ | AB17: ✓ | AC17: ✓ | AD17: ✓ | AE17: ✓
A18: 15 | B18: 王挺翰 | C18: 出差 | F18: 出差 | G18: 出差 | H18: 出差 | I18: 出差 | J18: 出差 | M18: 出差 | N18: ✓ | O18: ✓ | P18: ✓ | Q18: ✓ | T18: ✓ | U18: ✓ | V18: ✓ | W18: ✓ | X18: ✓ | AA18: ✓ | AB18: ✓ | AC18: ✓ | AD18: ✓ | AE18: ✓
B19: 黃嘉尉 | M19: ✓ | N19: ✓ | O19: ✓ | P19: ✓ | Q19: ✓ | T19: ✓ | U19: ✓ | V19: ✓ | W19: ✓ | X19: ✓ | AA19: 出差
A20: ✓ | B20: 正常
A21: ◎ | B21: 補休
A22: △ | B22: 遲到
A24: 1.當年度6月後累計天數超過96單位(6天)之人員，定期通知提醒該員按時休假。
A25: 2.當年度年底(12/31)未休完之單位時數可累計至下年度前3個月使用，最高累計單位時數為112單位(7天)，超過則不採計。
A26: 3.第2項之天數未依規定休完則直接歸零計。
A27: 4.第2項之天數如因任務/出差等因素未休完則由主管依個案處理。
A28: 5.提報加班時數超過3單位請填寫上加班原因(例: 3單位，XXX專案DOE)。
A29: 6.請補休(填出勤確認單)最長連續時數以16單位(1天)為上限(填出勤單不要超過1天以上)。
A30: 7.此補休辦法(填出勤確認單)請大家一起維護，被人資發現告發後此單位時數一但被歸零則無法補發。

Sheet TP11月份請假
A1: TP請假 | C1: 11月累計 (0.5小時/單位) | D1: 45597 | E1: 45598 | F1: 45599 | G1: 45600 | H1: 45601 | I1: 45602 | J1: 45603 | K1: 45604 | L1: 45605 | M1: 45606 | N1: 45607 | O1: 45608 | P1: 45609 | Q1: 45610 | R1: 45611 | S1: 45612 | T1: 45613 | U1: 45614 | V1: 45615 | W1: 45616 | X1: 45617 | Y1: 45618 | Z1: 45619 | AA1: 45620 | AB1: 45621 | AC1: 45622 | AD1: 45623 | AE1: 45624 | AF1: 45625 | AG1: 45626
A2: NO. | B2: 姓名
A3: 1 | B3: 郭先弘 | C3: =SUM(D3:AH3) -> 0 | D3: 0 | G3: 0 | H3: 0 | I3: 0 | J3: 0 | K3: 0 | N3: 0 | O3: 0 | P3: 0 | Q3: 0 | R3: 0 | U3: 0 | V3: 0 | W3: 0 | X3: 0 | Y3: 0 | AB3: 0 | AC3: 0 | AD3: 0 | AE3: 0 | AF3: 0
A4: 2 | B4: 陳淑芬 | C4: =SUM(D4:AH4) -> 11 | D4: 0 | G4: 0 | H4: 0 | I4: 0 | J4: 0 | K4: 0 | N4: 0 | O4: 0 | P4: 0 | Q4: 0 | R4: 0 | U4: 1 | V4: 0 | W4: 1 | X4: 0 | Y4: 0 | AB4: 0 | AC4: 4 | AD4: 0 | AE4: 5 | AF4: 0
A5: 3 | B5: 林世彬 | C5: =SUM(D5:AH5) -> 0 | D5: 0 | G5: 0 | H5: 0 | I5: 0 | J5: 0 | K5: 0 | N5: 0 | O5: 0 | P5: 0 | Q5: 0 | R5: 0 | U5: 0 | V5: 0 | W5: 0 | X5: 0 | Y5: 0 | AB5: 0 | AC5: 0 | AD5: 0 | AE5: 0 | AF5: 0
A6: 4 | B6: 何彥璋 | C6: =SUM(D6:AH6) -> 16 | D6: 0 | G6: 0 | H6: 0 | I6: 0 | J6: 0 | K6: 0 | N6: 0 | O6: 0 | P6: 0 | Q6: 0 | R6: 0 | U6: 0 | V6: 0 | W6: 0 | X6: 16 | Y6: 0 | AB6: 0 | AC6: 0 | AD6: 0 | AE6: 0 | AF6: 0
A7: 5 | B7: 吳嘉銘 | C7: =SUM(D7:AH7) -> 0 | D7: 0 | G7: 0 | H7: 0 | I7: 0 | J7: 0 | K7: 0 | N7: 0 | O7: 0 | P7: 0 | Q7: 0 | R7: 0 | U7: 0 | V7: 0 | W7: 0 | X7: 0 | Y7: 0 | AB7: 0 | AC7: 0 | AD7: 0 | AE7: 0 | AF7: 0
A8: 6 | B8: 林詠書 | C8: =SUM(D8:AH8) -> 32 | D8: 0 | G8: 0 | H8: 0 | I8: 0 | J8: 0 | K8: 0 | N8: 16 | O8: 0 | P8: 0 | Q8: 0 | R8: 0 | U8: 0 | V8: 0 | W8: 0 | X8: 0 | Y8: 0 | AB8: 0 | AC8: 0 | AD8: 16 | AE8: 0 | AF8: 0
A9: 7 | B9: 謝秉宏 | C9: =SUM(D9:AH9) -> 2 | D9: 2 | G9: 0 | H9: 0 | I9: 0 | J9: 0 | K9: 0 | N9: 0 | O9: 0 | P9: 0 | Q9: 0 | R9: 0 | U9: 0 | V9: 0 | W9: 0 | X9: 0 | Y9: 0 | AB9: 0 | AC9: 0 | AD9: 0 | AE9: 0 | AF9: 0
A10: 8 | B10: 林建宏 | C10: =SUM(D10:AH10) -> 8 | D10: 0 | G10: 0 | H10: 0 | I10: 0 | J10: 0 | K10: 0 | N10: 0 | O10: 0 | P10: 0 | Q10: 0 | R10: 0 | U10: 0 | V10: 8 | W10: 0 | X10: 0 | Y10: 0 | AB10: 0 | AC10: 0 | AD10: 0 | AE10: 0 | AF10: 0
A11: 9 | B11: 蘇景郁 | C11: =SUM(D11:AH11) -> 16 | D11: 0 | G11: 0 | H11: 0 | I11: 0 | J11: 0 | K11: 0 | N11: 0 | O11: 0 | P11: 0 | Q11: 0 | R11: 0 | U11: 8 | V11: 0 | W11: 0 | X11: 0 | Y11: 0 | AB11: 0 | AC11: 8 | AD11: 0 | AE11: 0 | AF11: 0
A12: 10 | B12: 潘其昌 | C12: =SUM(D12:AH12) -> 16 | D12: 16 | G12: 0 | H12: 0 | I12: 0 | J12: 0 | K12: 0 | N12: 0 | O12: 0 | P12: 0 | Q12: 0 | R12: 0 | U12: 0 | V12: 0 | W12: 0 | X12: 0 | Y12: 0 | AB12: 0 | AC12: 0 | AD12: 0 | AE12: 0 | AF12: 0
A13: 11 | B13: 陳俊男 | C13: =SUM(D13:AH13) -> 18 | D13: 0 | G13: 0 | H13: 0 | I13: 0 | J13: 0 | K13: 16 | N13: 0 | O13: 0 | P13: 0 | Q13: 0 | R13: 0 | U13: 0 | V13: 0 | W13: 0 | X13: 0 | Y13: 0 | AB13: 0 | AC13: 0 | AD13: 0 | AE13: 0 | AF13: 2
A14: 12 | B14: 林政宏 | C14: =SUM(D14:AH14) -> 0 | D14: 0 | G14: 0 | H14: 0 | I14: 0 | J14: 0 | K14: 0 | N14: 0 | O14: 0 | P14: 0 | Q14: 0 | R14: 0 | U14: 0 | V14: 0 | W14: 0 | X14: 0 | Y14: 0 | AB14: 0 | AC14: 0 | AD14: 0 | AE14: 0 | AF14: 0
... A18: 15 | B18: 王挺翰 | C18: =SUM(D18:AH18) -> 0 | D18: 0 | G18: 0 | H18: 0 | I18: 0 | J18: 0 | K18: 0 | N18: 0 | O18: 0 | P18: 0 | Q18: 0 | R18: 0 | U18: 0 | V18: 0 | W18: 0 | X18: 0 | Y18: 0 | AB18: 0 | AC18: 0 | AD18: 0 | AE18: 0 | AF18: 0
B19: 黃嘉尉 | C19: =SUM(D19:AH19) -> 0 | N19: 0 | O19: 0 | P19: 0 | Q19: 0 | R19: 0 | U19: 0 | V19: 0 | W19: 0 | X19: 0 | Y19: 0 | AB19: 0

Sheet TP11月份加班
A1: TP加班 | C1: 11月累計 (0.5小時/單位) | D1: 45597 | E1: 45598 | F1: 45599 | G1: 45600 | H1: 45601 | I1: 45602 | J1: 45603 | K1: 45604 | L1: 45605 | M1: 45606 | N1: 45607 | O1: 45608 | P1: 45609 | Q1: 45610 | R1: 45611 | S1: 45612 | T1: 45613 | U1: 45614 | V1: 45615 | W1: 45616 | X1: 45617 | Y1: 45618 | Z1: 45619 | AA1: 45620 | AB1: 45621 | AC1: 45622 | AD1: 45623 | AE1: 45624 | AF1: 45625 | AG1: 45626
A2: NO. | B2: 姓名
A3: 1 | B3: 郭先弘 | C3: =SUM(D3:AH3) -> 0 | D3: 0 | G3: 0 | H3: 0 | I3: 0 | J3: 0 | K3: 0 | N3: 0 | O3: 0 | P3: 0 | Q3: 0 | R3: 0 | U3: 0 | V3: 0 | W3: 0 | X3: 0 | Y3: 0 | AB3: 0 | AC3: 0 | AD3: 0 | AE3: 0 | AF3: 0
A4: 2 | B4: 陳淑芬 | C4: =SUM(D4:AH4) -> 0 | D4: 0 | G4: 0 | H4: 0 | I4: 0 | J4: 0 | K4: 0 | N4: 0 | O4: 0 | P4: 0 | Q4: 0 | R4: 0 | U4: 0 | V4: 0 | W4: 0 | X4: 0 | Y4: 0 | AB4: 0 | AC4: 0 | AD4: 0 | AE4: 0 | AF4: 0
A5: 3 | B5: 林世彬 | C5: =SUM(D5:AH5) -> 0 | D5: 0 | G5: 0 | H5: 0 | I5: 0 | J5: 0 | K5: 0 | N5: 0 | O5: 0 | P5: 0 | Q5: 0 | R5: 0 | U5: 0 | V5: 0 | W5: 0 | X5: 0 | Y5: 0 | AB5: 0 | AC5: 0 | AD5: 0 | AE5: 0 | AF5: 0
A6: 4 | B6: 何彥璋 | C6: =SUM(D6:AH6) -> 34 | D6: 4 | E6: 4 | G6: 0 | H6: 0 | I6: 0 | J6: 0 | K6: 0 | N6: 0 | O6: 0 | P6: 0 | Q6: 4 | R6: 0 | U6: 0 | V6: 4 | W6: 0 | X6: 0 | Y6: 0 | AB6: 0 | AC6: 6 | AD6: 6 | AE6: 6 | AF6: 0
A7: 5 | B7: 吳嘉銘 | C7: =SUM(D7:AH7) -> 8 | D7: 0 | G7: 2 | H7: 2 | I7: 0 | J7: 2 | K7: 0 | N7: 0 | O7: 0 | P7: 0 | Q7: 0 | R7: 0 | U7: 0 | V7: 0 | W7: 2 | X7: 0 | Y7: 0 | AB7: 0 | AC7: 0 | AD7: 0 | AE7: 0 | AF7: 0
A8: 6 | B8: 林詠書 | C8: =SUM(D8:AH8) -> 18 | D8: 0 | G8: 1 | H8: 1 | I8: 1 | J8: 1 | K8: 1 | N8: 0 | O8: 1 | P8: 2 | Q8: 1 | R8: 1 | U8: 1 | V8: 1 | W8: 2 | X8: 1 | Y8: 1 | AB8: 0 | AC8: 0 | AD8: 0 | AE8: 1 | AF8: 1
A9: 0 | B9: 謝秉宏 | C9: =SUM(D9:AH9) -> 27 | D9: 0 | G9: 0 | H9: 0 | I9: 0 | J9: 0 | K9: 0 | N9: 0 | O9: 0 | P9: 0 | Q9: 0 | R9: 0 | U9: 0 | V9: 5 | W9: 5 | X9: 5 | Y9: 0 | AB9: 0 | AC9: 6 | AD9: 6 | AE9: 0 | AF9: 0
A10: 8 | B10: 林建宏 | C10: =SUM(D10:AH10) -> 0 | D10: 0 | G10: 0 | H10: 0 | I10: 0 | J10: 0 | K10: 0 | N10: 0 | O10: 0 | P10: 0 | Q10: 0 | R10: 0 | U10: 0 | V10: 0 | W10: 0 | X10: 0 | Y10: 0 | AB10: 0 | AC10: 0 | AD10: 0 | AE10: 0 | AF10: 0
A11: 9 | B11: 蘇景郁 | C11: =SUM(D11:AH11) -> 0 | D11: 0 | G11: 0 | H11: 0 | I11: 0 | J11: 0 | K11: 0 | N11: 0 | O11: 0 | P11: 0 | Q11: 0 | R11: 0 | U11: 0 | V11: 0 | W11: 0 | X11: 0 | Y11: 0 | AB11: 0 | AC11: 0 | AD11: 0 | AE11: 0 | AF11: 0
A12: 10 | B12: 潘其昌 | C12: =SUM(D12:AH12) -> 31 | D12: 0 | E12: 16 | G12: 0 | H12: 0 | I12: 0 | J12: 0 | K12: 0 | N12: 0 | O12: 0 | P12: 0 | Q12: 0 | R12: 0 | U12: 0 | V12: 5 | W12: 5 | X12: 5 | Y12: 0 | AB12: 0 | AC12: 0 | AD12: 0 | AE12: 0 | AF12: 0
A13: 11 | B13: 陳俊男 | C13: =SUM(D13:AH13) -> 0 | D13: 0 | G13: 0 | H13: 0 | I13: 0 | J13: 0 | K13: 0 | N13: 0 | O13: 0 | P13: 0 | Q13: 0 | R13: 0 | U13: 0 | V13: 0 | W13: 0 | X13: 0 | Y13: 0 | AB13: 0 | AC13: 0 | AD13: 0 | AE13: 0 | AF13: 0
A14: 12 | B14: 林政宏 | C14: =SUM(D14:AH14) -> 15 | D14: 0 | G14: 0 | H14: 0 | I14: 0 | J14: 0 | K14: 0 | N14: 0 | O14: 0 | P14: 0 | Q14: 0 | R14: 0 | U14: 0 | V14: 5 | W14: 5 | X14: 5 | Y14: 0 | AB14: 0 | AC14: 0 | AD14: 0 | AE14: 0 | AF14: 0
A15: 13 | B15: 陸長遠 | C15: =SUM(D15:AH15) -> 0 | D15: 0 | G15: 0 | H15: 0 | I15: 0 | J15: 0 | K15: 0 | N15: 0 | O15: 0 | P15: 0 | Q15: 0 | R15: 0 | U15: 0 | V15: 0 | W15: 0 | X15: 0 | Y15: 0 | AB15: 0 | AC15: 0 | AD15: 0 | AE15: 0 | AF15: 0
A16: 13 | B16: 劉益豪 | C16: =SUM(D16:AH16) -> 1 | D16: 0 | G16: 1 | H16: 0 | I16: 0 | J16: 0 | K16: 0 | N16: 0 | O16: 0 | P16: 0 | Q16: 0 | R16: 0 | U16: 0 | V16: 0 | W16: 0 | X16: 0 | Y16: 0 | AB16: 0 | AC16: 0 | AD16: 0 | AE16: 0 | AF16: 0
A17: 14 | B17: 李威漢 | C17: =SUM(D17:AH17) -> 8 | D17: 0 | G17: 2 | H17: 2 | I17: 0 | J17: 2 | K17: 0 | N17: 0 | O17: 0 | P17: 0 | Q17: 0 | R17: 0 | U17: 0 | V17: 0 | W17: 2 | X17: 0 | Y17: 0 | AB17: 0 | AC17: 0 | AD17: 0 | AE17: 0 | AF17: 0
A18: 15 | B18: 王挺翰 | C18: =SUM(D18:AH18) -> 6 | D18: 0 | G18: 2 | H18: 2 | I18: 0 | J18: 2 | K18: 0 | N18: 0 | O18: 0 | P18: 0 | Q18: 0 | R18: 0 | U18: 0 | V18: 0 | W18: 0 | X18: 0 | Y18: 0 | AB18: 0 | AC18: 0 | AD18: 0 | AE18: 0 | AF18: 0
B19: 黃嘉尉 | C19: =SUM(D19:AH19) -> 0 | N19: 0 | O19: 0 | P19: 0 | Q19: 0 | R19: 0 | U19: 0 | V19: 0 | W19: 0 | X19: 0 | Y19: 0

Sheet TP出勤12月份
A1: TP出勤 | C1: 45627 | D1: 45628 | E1: 45629 | F1: 45630 | G1: 45631 | H1: 45632 | I1: 45633 | J1: 45634 | K1: 45635 | L1: 45636 | M1: 45637 | N1: 45638 | O1: 45639 | P1: 45640 | Q1: 45641 | R1: 45642 | S1: 45643 | T1: 45644 | U1: 45645 | V1: 45646 | W1: 45647 | X1: 45648 | Y1: 45649 | Z1: 45650 | AA1: 45651 | AB1: 45652 | AC1: 45653 | AD1: 45654 | AE1: 45655 | AF1: 45656 | AG1: 45657
A2: NO. | B2: 姓名
A3: 1 | B3: 郭先弘 | D3: ✓ | E3: ✓ | F3: ✓ | G3: ✓ | H3: ✓ | K3: ✓ | L3: ✓ | M3: ✓ | N3: ✓ | O3: ✓ | R3: 出差 | S3: 出差 | T3: 出差 | U3: 出差 | V3: 出差 | Y3: ✓ | Z3: ✓ | AA3: ✓ | AB3: ✓ | AC3: ✓ | AF3: ✓ | AG3: ✓
A4: 2 | B4: 陳淑芬 | D4: ✓ | E4: ✓ | F4: ✓ | G4: ✓ | H4: ✓ | K4: ✓ | L4: ✓ | M4: ✓ | N4: ✓ | O4: ✓ | R4: ✓ | S4: ✓ | T4: ✓ | U4: ✓ | V4: ✓ | Y4: ✓ | Z4: ✓ | AA4: ◎ | AB4: ✓ | AC4: ✓ | AF4: ✓ | AG4: ✓
A5: 3 | B5: 林世彬 | D5: ✓ | E5: ✓ | F5: ✓ | G5: ✓ | H5: ✓ | K5: ✓ | L5: ✓ | M5: ✓ | N5: ✓ | O5: ✓ | R5: ✓ | S5: ✓ | T5: ✓ | U5: ✓ | V5: ✓ | Y5: ◎ | Z5: ✓ | AA5: ✓ | AB5: ✓ | AC5: ✓ | AF5: ✓ | AG5: ✓
A6: 4 | B6: 何彥璋 | D6: 出差 | E6: ✓ | F6: ✓ | G6: ◎ | H6: ✓ | K6: ✓ | L6: ✓ | M6: ✓ | N6: ✓ | O6: ✓ | R6: 出差 | S6: 出差 | T6: 出差 | U6: 出差 | V6: 出差 | Y6: ✓ | Z6: ✓ | AA6: ✓ | AB6: ✓ | AC6: ◎ | AF6: ✓ | AG6: ✓
A7: 5 | B7: 吳嘉銘 | D7: ✓ | E7: ✓ | F7: ✓ | G7: ✓ | H7: ✓ | K7: ✓ | L7: ✓ | M7: ✓ | N7: ✓ | O7: ✓ | R7: ✓ | S7: ✓ | T7: ✓ | U7: ✓ | V7: ✓ | Y7: ✓ | Z7: ✓ | AA7: ✓ | AB7: ✓ | AC7: ✓ | AF7: ◎ | AG7: ◎
A8: 6 | B8: 林詠書 | D8: ✓ | E8: ✓ | F8: ✓ | G8: ✓ | H8: ✓ | K8: ✓ | L8: ✓ | M8: ✓ | N8: ◎ | O8: ✓ | R8: ✓ | S8: ✓ | T8: ✓ | U8: ✓ | V8: ◎ | Y8: ✓ | Z8: ✓ | AA8: ✓ | AB8: ✓ | AC8: ✓ | AF8: ✓ | AG8: ◎
A9: 7 | B9: 謝秉宏 | D9: 出差 | E9: ✓ | F9: ✓ | G9: ✓ | H9: ✓ | K9: ✓ | L9: ✓ | M9: ✓ | N9: ✓ | O9: ✓ | R9: ✓ | S9: ✓ | T9: ◎ | U9: ✓ | V9: ✓ | Y9: ✓ | Z9: ✓ | AA9: ✓ | AB9: ✓ | AC9: ✓ | AF9: ✓ | AG9: 請假
A10: 8 | B10: 林建宏 | D10: ✓ | E10: ✓ | F10: ✓ | G10: ✓ | H10: 請假 | K10: ✓ | L10: ✓ | M10: ✓ | N10: ✓ | O10: ✓ | R10: ✓ | S10: ✓ | T10: ✓ | U10: ✓ | V10: ◎ | Y10: ✓ | Z10: ✓ | AA10: ✓ | AB10: ✓ | AC10: ✓ | AF10: ✓ | AG10: ✓
A11: 9 | B11: 蘇景郁 | D11: ✓ | E11: ✓ | F11: △ | G11: ✓ | H11: ✓ | K11: ✓ | L11: ✓ | M11: ✓ | N11: ✓ | O11: ✓ | R11: ✓ | S11: ✓ | T11: ✓ | U11: ◎ | V11: ✓ | Y11: ✓ | Z11: ✓ | AA11: ◎ | AB11: ✓ | AC11: ✓ | AF11: ✓ | AG11: ✓
A12: 10 | B12: 潘其昌 | D12: 出差 | E12: ✓ | F12: ✓ | G12: ✓ | H12: ✓ | K12: ◎ | L12: ✓ | M12: ✓ | N12: ✓ | O12: ✓ | R12: ✓ | S12: ✓ | T12: ✓ | U12: ✓ | V12: ✓ | Y12: ✓ | Z12: ✓ | AA12: ✓ | AB12: ✓ | AC12: ✓ | AF12: ✓ | AG12: ✓
A13: 11 | B13: 陳俊男 | D13: ✓ | E13: ✓ | F13: ✓ | G13: ✓ | H13: ✓ | K13: ✓ | L13: ✓ | M13: ✓ | N13: ✓ | O13: ✓ | R13: ✓ | S13: ◎ | T13: ✓ | U13: ✓ | V13: ✓ | Y13: ✓ | Z13: ✓ | AA13: ✓ | AB13: ✓ | AC13: ✓ | AF13: ✓ | AG13: ✓
A14: 12 | B14: 林政宏 | D14: 出差 | E14: ◎ | F14: ✓ | G14: ✓ | H14: ◎ | K14: ✓ | L14: ✓ | M14: ✓ | N14: ✓ | O14: ◎ | R14: ◎ | S14: ✓ | T14: ✓ | U14: ✓ | V14: ◎ | Y14: ✓ | Z14: ✓ | AA14: ◎ | AB14: ✓ | AC14: ◎ | AF14: ✓ | AG14: ◎
A15: 13 | B15: 陸長遠 | E15: ◎ | K15: ✓ | L15: ✓ | M15: ✓ | N15: ✓ | O15: ✓ | R15: ✓ | S15: ✓ | T15: ✓ | U15: ✓ | Y15: ✓ | Z15: ✓ | AA15: ✓ | AB15: ✓ | AC15: ✓ | AF15: ✓ | AG15: ✓
A16: 13 | B16: 劉益豪 | D16: ◎ | E16: 請假 | F16: 請假 | G16: ◎ | H16: 請假 | K16: ✓ | L16: ✓ | M16: ✓ | N16: ✓ | O16: ✓ | R16: ✓ | S16: ◎ | T16: ✓ | U16: ✓ | V16: ✓ | Y16: ✓ | Z16: ✓ | AA16: ✓ | AB16: ✓ | AC16: ✓ | AF16: ✓ | AG16: ✓
A17: 14 | B17: 李威漢 | D17: ◎ | E17: ✓ | F17: ✓ | G17: ✓ | H17: ✓ | K17: ✓ | L17: ✓ | M17: ✓ | N17: ✓ | O17: ✓ | R17: ✓ | S17: ✓ | T17: ✓ | U17: ✓ | V17: ✓ | Y17: ✓ | Z17: ✓ | AA17: ✓ | AB17: ✓ | AC17: ✓ | AF17: ✓ | AG17: ✓
A18: 15 | B18: 王挺翰 | D18: ✓ | E18: ✓ | F18: ✓ | G18: ✓ | H18: ✓ | K18: ✓ | L18: 外出 | M18: ✓ | N18: ✓ | O18: ◎ | R18: ✓ | S18: ✓ | T18: ✓ | U18: ✓ | V18: ✓ | Y18: ✓ | Z18: ✓ | AA18: ✓ | AB18: ✓ | AC18: ✓ | AF18: ✓ | AG18: ✓
A19: 16 | B19: 李又誠 | D19: ✓ | E19: ✓ | F19: ✓ | G19: ✓ | H19: ✓ | K19: ✓ | L19: ✓ | M19: ✓ | N19: ✓ | O19: ✓ | R19: ✓ | S19: ✓ | T19: ✓ | U19: ✓ | V19: ✓ | Y19: ✓ | Z19: ✓ | AA19: ✓ | AB19: ✓ | AC19: ✓ | AF19: ✓ | AG19: ✓
A20: ✓ | B20: 正常
A21: ◎ | B21: 補休
A22: △ | B22: 遲到
A24: 1.當年度6月後累計天數超過96單位(6天)之人員，定期通知提醒該員按時休假。
A25: 2.當年度年底(12/31)未休完之單位時數可累計至下年度前3個月使用，最高累計單位時數為112單位(7天)，超過則不採計。
A26: 3.第2項之天數未依規定休完則直接歸零計。
A27: 4.第2項之天數如因任務/出差等因素未休完則由主管依個案處理。
A28: 5.提報加班時數超過3單位請填寫上加班原因(例: 3單位，XXX專案DOE)。
A29: 6.請補休(填出勤確認單)最長連續時數以16單位(1天)為上限(填出勤單不要超過1天以上)。
A30: 7.此補休辦法(填出勤確認單)請大家一起維護，被人資發現告發後此單位時數一但被歸零則無法補發。

Sheet TP12月份請假
A1: TP請假 | C1: 12月累計 (0.5小時/單位) | D1: 45627 | E1: 45628 | F1: 45629 | G1: 45630 | H1: 45631 | I1: 45632 | J1: 45633 | K1: 45634 | L1: 45635 | M1: 45636 | N1: 45637 | O1: 45638 | P1: 45639 | Q1: 45640 | R1: 45641 | S1: 45642 | T1: 45643 | U1: 45644 | V1: 45645 | W1: 45646 | X1: 45647 | Y1: 45648 | Z1: 45649 | AA1: 45650 | AB1: 45651 | AC1: 45652 | AD1: 45653 | AE1: 45654 | AF1: 45655 | AG1: 45656 | AH1: 45657
A2: NO. | B2: 姓名
A3: 1 | B3: 郭先弘 | C3: =SUM(D3:AH3) -> 0 | E3: 0 | F3: 0 | G3: 0 | H3: 0 | I3: 0 | L3: 0 | M3: 0 | N3: 0 | O3: 0 | P3: 0 | S3: 0 | T3: 0 | U3: 0 | V3: 0 | W3: 0 | Z3: 0 | AA3: 0 | AB3: 0 | AC3: 0 | AD3: 0 | AG3: 0 | AH3: 0
A4: 2 | B4: 陳淑芬 | C4: =SUM(D4:AH4) -> 26 | E4: 0 | F4: 6 | G4: 0 | H4: 0 | I4: 0 | L4: 0 | M4: 0 | N4: 0 | O4: 0 | P4: 0 | S4: 0 | T4: 0 | U4: 0 | V4: 0 | W4: 4 | Z4: 0 | AA4: 0 | AB4: 16 | AC4: 0 | AD4: 0 | AG4: 0 | AH4: 0
A5: 3 | B5: 林世彬 | C5: =SUM(D5:AH5) -> 8 | E5: 0 | F5: 0 | G5: 0 | H5: 0 | I5: 0 | L5: 0 | M5: 0 | N5: 0 | O5: 0 | P5: 0 | S5: 0 | T5: 0 | U5: 0 | V5: 0 | W5: 0 | Z5: 8 | AA5: 0 | AB5: 0 | AC5: 0 | AD5: 0 | AG5: 0 | AH5: 0
A6: 4 | B6: 何彥璋 | C6: =SUM(D6:AH6) -> 16 | E6: 0 | F6: 0 | G6: 0 | H6: 0 | I6: 0 | L6: 0 | M6: 0 | N6: 0 | O6: 0 | P6: 0 | S6: 0 | T6: 0 | U6: 0 | V6: 0 | W6: 0 | Z6: 0 | AA6: 0 | AB6: 0 | AC6: 0 | AD6: 16 | AG6: 0 | AH6: 0
A7: 5 | B7: 吳嘉銘 | C7: =SUM(D7:AH7) -> 32 | E7: 0 | F7: 0 | G7: 0 | H7: 0 | I7: 0 | L7: 0 | M7: 0 | N7: 0 | O7: 0 | P7: 0 | S7: 0 | T7: 0 | U7: 0 | V7: 0 | W7: 0 | Z7: 0 | AA7: 0 | AB7: 0 | AC7: 0 | AD7: 0 | AG7: 16 | AH7: 16
A8: 6 | B8: 林詠書 | C8: =SUM(D8:AH8) -> 48 | E8: 0 | F8: 0 | G8: 0 | H8: 0 | I8: 0 | L8: 0 | M8: 0 | N8: 0 | O8: 16 | P8: 0 | S8: 0 | T8: 0 | U8: 0 | V8: 0 | W8: 16 | Z8: 0 | AA8: 0 | AB8: 0 | AC8: 0 | AD8: 0 | AG8: 0 | AH8: 16
A9: 7 | B9: 謝秉宏 | C9: =SUM(D9:AH9) -> 16 | E9: 0 | F9: 0 | G9: 0 | H9: 0 | I9: 0 | L9: 0 | M9: 0 | N9: 0 | O9: 0 | P9: 0 | S9: 0 | T9: 0 | U9: 16 | V9: 0 | W9: 0 | Z9: 0 | AA9: 0 | AB9: 0 | AC9: 0 | AD9: 0 | AG9: 0 | AH9: 0
A10: 8 | B10: 林建宏 | C10: =SUM(D10:AH10) -> 16 | E10: 0 | F10: 0 | G10: 0 | H10: 0 | I10: 0 | L10: 0 | M10: 0 | N10: 0 | O10: 0 | P10: 0 | S10: 0 | T10: 0 | U10: 0 | V10: 0 | W10: 16 | Z10: 0 | AA10: 0 | AB10: 0 | AC10: 0 | AD10: 0 | AG10: 0 | AH10: 0
A11: 9 | B11: 蘇景郁 | C11: =SUM(D11:AH11) -> 33 | E11: 0 | F11: 0 | G11: 1 | H11: 0 | I11: 0 | L11: 0 | M11: 0 | N11: 0 | O11: 0 | P11: 0 | S11: 0 | T11: 0 | U11: 0 | V11: 16 | W11: 0 | Z11: 0 | AA11: 0 | AB11: 16 | AC11: 0 | AD11: 0 | AG11: 0 | AH11: 0
A12: 10 | B12: 潘其昌 | C12: =SUM(D12:AH12) -> 29 | E12: 0 | F12: 0 | G12: 0 | H12: 0 | I12: 0 | L12: 16 | M12: 0 | N12: 0 | O12: 0 | P12: 0 | S12: 0 | T12: 0 | U12: 0 | V12: 0 | W12: 8 | Z12: 0 | AA12: 0 | AB12: 0 | AC12: 0 | AD12: 0 | AG12: 5 | AH12: 0
A13: 11 | B13: 陳俊男 | C13: =SUM(D13:AH13) -> 16 | E13: 0 | F13: 0 | G13: 0 | H13: 0 | I13: 0 | L13: 0 | M13: 0 | N13: 0 | O13: 0 | P13: 0 | S13: 0 | T13: 16 | U13: 0 | V13: 0 | W13: 0 | Z13: 0 | AA13: 0 | AB13: 0 | AC13: 0 | AD13: 0 | AG13: 0 | AH13: 0
A14: 12 | B14: 林政宏 | C14: =SUM(D14:AH14) -> 128 | E14: 0 | F14: 16 | G14: 0 | H14: 0 | I14: 16 | L14: 0 | M14: 0 | N14: 0 | O14: 0 | P14: 16 | S14: 16 | T14: 0 | U14: 0 | V14: 0 | W14: 16 | Z14: 0 | AA14: 0 | AB14: 16 | AC14: 0 | AD14: 16 | AG14: 0 | AH14: 16
... A19: 16 | B19: 李又誠 | C19: =SUM(D19:AH19) -> 0 | E19: 0 | F19: 0 | G19: 0 | H19: 0 | I19: 0 | L19: 0 | M19: 0 | N19: 0 | O19: 0 | P19: 0 | S19: 0 | T19: 0 | U19: 0 | V19: 0 | W19: 0 | Z19: 0 | AA19: 0 | AB19: 0 | AC19: 0 | AD19: 0 | AG19: 0 | AH19: 0

Sheet TP12月份加班
A1: TP加班 | C1: 12月累計 (0.5小時/單位) | D1: 45627 | E1: 45628 | F1: 45629 | G1: 45630 | H1: 45631 | I1: 45632 | J1: 45633 | K1: 45634 | L1: 45635 | M1: 45636 | N1: 45637 | O1: 45638 | P1: 45639 | Q1: 45640 | R1: 45641 | S1: 45642 | T1: 45643 | U1: 45644 | V1: 45645 | W1: 45646 | X1: 45647 | Y1: 45648 | Z1: 45649 | AA1: 45650 | AB1: 45651 | AC1: 45652 | AD1: 45653 | AE1: 45654 | AF1: 45655 | AG1: 45656 | AH1: 45657
A2: NO. | B2: 姓名
A3: 1 | B3: 郭先弘 | C3: =SUM(D3:AH3) -> 0 | E3: 0 | F3: 0 | G3: 0 | H3: 0 | I3: 0 | L3: 0 | M3: 0 | N3: 0 | O3: 0 | P3: 0 | S3: 0 | T3: 0 | U3: 0 | V3: 0 | W3: 0 | Z3: 0 | AA3: 0 | AB3: 0 | AC3: 0 | AD3: 0 | AG3: 0 | AH3: 0
A4: 2 | B4: 陳淑芬 | C4: =SUM(D4:AH4) -> 0 | E4: 0 | F4: 0 | G4: 0 | H4: 0 | I4: 0 | L4: 0 | M4: 0 | N4: 0 | O4: 0 | P4: 0 | S4: 0 | T4: 0 | U4: 0 | V4: 0 | W4: 0 | Z4: 0 | AA4: 0 | AB4: 0 | AC4: 0 | AD4: 0 | AG4: 0 | AH4: 0
A5: 3 | B5: 林世彬 | C5: =SUM(D5:AH5) -> 2 | E5: 0 | F5: 0 | G5: 0 | H5: 0 | I5: 0 | L5: 0 | M5: 0 | N5: 0 | O5: 0 | P5: 0 | S5: 0 | T5: 0 | U5: 0 | V5: 0 | W5: 0 | Z5: 0 | AA5: 0 | AB5: 0 | AC5: 0 | AD5: 0 | AG5: 2 | AH5: 0
A6: 4 | B6: 何彥璋 | C6: =SUM(D6:AH6) -> 34 | E6: 0 | F6: 6 | G6: 0 | H6: 6 | I6: 0 | J6: 6 | L6: 0 | M6: 0 | N6: 0 | O6: 0 | P6: 6 | S6: 0 | T6: 0 | U6: 0 | V6: 0 | W6: 0 | Z6: 0 | AA6: 4 | AB6: 6 | AC6: 0 | AD6: 0 | AG6: 0 | AH6: 0
A7: 5 | B7: 吳嘉銘 | C7: =SUM(D7:AH7) -> 17 | E7: 0 | F7: 0 | G7: 0 | H7: 0 | I7: 0 | L7: 0 | M7: 0 | N7: 0 | O7: 0 | P7: 0 | S7: 8 | T7: 0 | U7: 9 | V7: 0 | W7: 0 | Z7: 0 | AA7: 0 | AB7: 0 | AC7: 0 | AD7: 0 | AG7: 0 | AH7: 0
A8: 6 | B8: 林詠書 | C8: =SUM(D8:AH8) -> 14 | E8: 1 | F8: 0 | G8: 1 | H8: 0 | I8: 0 | L8: 1 | M8: 1 | N8: 1 | O8: 0 | P8: 1 | S8: 1 | T8: 1 | U8: 1 | V8: 1 | W8: 0 | Z8: 1 | AA8: 0 | AB8: 1 | AC8: 1 | AD8: 0 | AG8: 1 | AH8: 0
A9: 0 | B9: 謝秉宏 | C9: =SUM(D9:AH9) -> 9 | E9: 0 | F9: 0 | G9: 0 | H9: 0 | I9: 0 | L9: 0 | M9: 0 | N9: 0 | O9: 0 | P9: 0 | S9: 0 | T9: 0 | U9: 0 | V9: 0 | W9: 0 | Z9: 0 | AA9: 4 | AB9: 0 | AC9: 5 | AD9: 0 | AG9: 0 | AH9: 0
A10: 8 | B10: 林建宏 | C10: =SUM(D10:AH10) -> 0 | E10: 0 | F10: 0 | G10: 0 | H10: 0 | I10: 0 | L10: 0 | M10: 0 | N10: 0 | O10: 0 | P10: 0 | S10: 0 | T10: 0 | U10: 0 | V10: 0 | W10: 0 | Z10: 0 | AA10: 0 | AB10: 0 | AC10: 0 | AD10: 0 | AG10: 0 | AH10: 0
A11: 9 | B11: 蘇景郁 | C11: =SUM(D11:AH11) -> 0 | E11: 0 | F11: 0 | G11: 0 | H11: 0 | I11: 0 | L11: 0 | M11: 0 | N11: 0 | O11: 0 | P11: 0 | S11: 0 | T11: 0 | U11: 0 | V11: 0 | W11: 0 | Z11: 0 | AA11: 0 | AB11: 0 | AC11: 0 | AD11: 0 | AG11: 0 | AH11: 0
A12: 10 | B12: 潘其昌 | C12: =SUM(D12:AH12) -> 0 | E12: 0 | F12: 0 | G12: 0 | H12: 0 | I12: 0 | L12: 0 | M12: 0 | N12: 0 | O12: 0 | P12: 0 | S12: 0 | T12: 0 | U12: 0 | V12: 0 | W12: 0 | Z12: 0 | AA12: 0 | AB12: 0 | AC12: 0 | AD12: 0 | AG12: 0 | AH12: 0
A13: 11 | B13: 陳俊男 | C13: =SUM(D13:AH13) -> 0 | E13: 0 | F13: 0 | G13: 0 | H13: 0 | I13: 0 | L13: 0 | M13: 0 | N13: 0 | O13: 0 | P13: 0 | S13: 0 | T13: 0 | U13: 0 | V13: 0 | W13: 0 | Z13: 0 | AA13: 0 | AB13: 0 | AC13: 0 | AD13: 0 | AG13: 0 | AH13: 0
A14: 12 | B14: 林政宏 | C14: =SUM(D14:AH14) -> 0 | E14: 0 | F14: 0 | G14: 0 | H14: 0 | I14: 0 | L14: 0 | M14: 0 | N14: 0 | O14: 0 | P14: 0 | S14: 0 | T14: 0 | U14: 0 | V14: 0 | W14: 0 | Z14: 0 | AA14: 0 | AB14: 0 | AC14: 0 | AD14: 0 | AG14: 0 | AH14: 0
A15: 13 | B15: 陸長遠 | C15: =SUM(D15:AH15) -> 0 | E15: 0 | F15: 0 | G15: 0 | H15: 0 | I15: 0 | L15: 0 | M15: 0 | N15: 0 | O15: 0 | P15: 0 | S15: 0 | T15: 0 | U15: 0 | V15: 0 | W15: 0 | Z15: 0 | AA15: 0 | AB15: 0 | AC15: 0 | AD15: 0 | AG15: 0 | AH15: 0
A16: 13 | B16: 劉益豪 | C16: =SUM(D16:AH16) -> 8 | E16: 0 | F16: 0 | G16: 0 | H16: 0 | I16: 0 | L16: 0 | M16: 0 | N16: 0 | O16: 0 | P16: 0 | S16: 0 | T16: 0 | U16: 0 | V16: 0 | W16: 0 | Z16: 0 | AA16: 4 | AB16: 4 | AC16: 0 | AD16: 0 | AG16: 0 | AH16: 0
A17: 14 | B17: 李威漢 | C17: =SUM(D17:AH17) -> 17 | E17: 0 | F17: 0 | G17: 0 | H17: 0 | I17: 0 | L17: 0 | M17: 0 | N17: 0 | O17: 0 | P17: 0 | S17: 8 | T17: 0 | U17: 9 | V17: 0 | W17: 0 | Z17: 0 | AA17: 0 | AB17: 0 | AC17: 0 | AD17: 0 | AG17: 0 | AH17: 0
A18: 15 | B18: 王挺翰 | C18: =SUM(D18:AH18) -> 17 | E18: 0 | F18: 0 | G18: 0 | H18: 0 | I18: 0 | L18: 0 | M18: 0 | N18: 0 | O18: 0 | P18: 0 | S18: 8 | T18: 0 | U18: 9 | V18: 0 | W18: 0 | Z18: 0 | AA18: 0 | AB18: 0 | AC18: 0 | AD18: 0 | AG18: 0 | AH18: 0
A19: 16 | B19: 李又誠 | C19: =SUM(D19:AH19) -> 17 | E19: 0 | F19: 0 | G19: 0 | H19: 0 | I19: 0 | L19: 0 | M19: 0 | N19: 0 | O19: 0 | P19: 0 | S19: 8 | T19: 0 | U19: 9 | V19: 0 | W19: 0 | Z19: 0 | AA19: 0 | AB19: 0 | AC19: 0 | AD19: 0 | AG19: 0 | AH19: 0
